nombre,cantidades,info,sabores,imagen,mix,Artículo,oferta,Estado,Rubro
ACEITE DE COCO NEUTRO X 200GR - ENTRENUTS ,1 UNIDAD,"Aceite de coco de sabor y aroma suaves, práctico para cocinar, hornear o preparar recetas en las que no se busca gusto a coco. Su perfil neutro y su textura lo vuelven muy versátil tanto en recetas dulces como saladas.",,https://drive.google.com/file/d/1DT-EJI0FphtfZMGLOEMrSeYMNeaS2Dbp/view,,2265,,✅ en precios,ACEITES Y VINAGRES
ACEITE DE COCO NEUTRO X 360GR - ENTRENUTS ,1 UNIDAD,"Aceite de coco de sabor y aroma suaves, práctico para cocinar, hornear o preparar recetas en las que no se busca gusto a coco. Su perfil neutro y su textura lo vuelven muy versátil tanto en recetas dulces como saladas.",,https://drive.google.com/file/d/152trCrtVnqrqBpTZmgkdRxJtLgjKj0VW/view,,2141,,✅ en precios,ACEITES Y VINAGRES
ACEITE DE COCO VIRGEN X 200GR - ENTRENUTS ,1 UNIDAD,"Aceite de coco con aroma y sabor característicos, ideal para preparaciones dulces, saladas y cocciones. Aporta una textura cremosa y un perfil tropical que realza cada receta.",,https://drive.google.com/file/d/1bIaTu-IwSu3LSvSHplMMRH646c_O-vfl/view,,2142,,✅ en precios,ACEITES Y VINAGRES
ACEITE DE COCO VIRGEN X 360GR - ENTRENUTS ,1 UNIDAD,"Aceite de coco con aroma y sabor característicos, ideal para preparaciones dulces, saladas y cocciones. Aporta una textura cremosa y un perfil tropical que realza cada receta.",,https://drive.google.com/file/d/10RUG87XYxr6t9RrYo6_F7kMzVyukmkJU/view,,2266,,✅ en precios,ACEITES Y VINAGRES
ACEITE DE LINO X 150 cc - NUTRA SEM,1 UNIDAD,"Aceite vegetal de sabor suave, indicado para usar en frío sobre ensaladas, tostadas o preparaciones terminadas. Aporta grasas poliinsaturadas y ácido alfa-linolénico, un tipo de omega 3 de origen vegetal.",,https://drive.google.com/file/d/1amltRyv8PKnASe_So-8mp4Y_W4l2A_V0/view,,2386,,✅ en precios,ACEITES Y VINAGRES
ACEITE DE OLIVA  X 1 L - LAUR,1 UNIDAD,"Aceite de oliva de perfil frutado y gran versatilidad para aderezar, cocinar o terminar platos. Aporta principalmente grasas monoinsaturadas, entre ellas ácido oleico, además de compuestos antioxidantes naturales en cantidades variables.",,https://drive.google.com/file/d/18MosSegYZv-so0GIc6eiDLYBvuXj6EDe/view,,1012,,✅ en precios,ACEITES Y VINAGRES
ACEITE DE OLIVA - PANNOCCHIA X 1L,1 UNIDAD,"Aceite de oliva de perfil frutado y gran versatilidad para aderezar, cocinar o terminar platos. Aporta principalmente grasas monoinsaturadas, entre ellas ácido oleico, además de compuestos antioxidantes naturales en cantidades variables.",,https://drive.google.com/file/d/1rwI76CFaX0kpWKAsnFl2qhIFeJ-cfX9B/view,,1011,,✅ en precios,ACEITES Y VINAGRES
ACEITE DE OLIVA - PANNOCCHIA X 500ML,1 UNIDAD,"Aceite de oliva de perfil frutado y gran versatilidad para aderezar, cocinar o terminar platos. Aporta principalmente grasas monoinsaturadas, entre ellas ácido oleico, además de compuestos antioxidantes naturales en cantidades variables.",,https://drive.google.com/file/d/1S7OwVBL8FZwjVlnWz7lp92TIoUxcCT0Y/view,,1013,,✅ en precios,ACEITES Y VINAGRES
ACEITE DE OLIVA - PANNOCCHIA X 5L,1 UNIDAD,"Aceite de oliva de perfil frutado y gran versatilidad para aderezar, cocinar o terminar platos. Aporta principalmente grasas monoinsaturadas, entre ellas ácido oleico, además de compuestos antioxidantes naturales en cantidades variables.",,https://drive.google.com/file/d/1KbxYN7XLKm24zzgQf5aZioy-3zdq1rvp/view,,1014,,✅ en precios,ACEITES Y VINAGRES
ACEITE DE OLIVA X 3 L - RODRIGO DE VIVAR,1 UNIDAD,"Aceite de oliva de perfil frutado y gran versatilidad para aderezar, cocinar o terminar platos. Aporta principalmente grasas monoinsaturadas, entre ellas ácido oleico, además de compuestos antioxidantes naturales en cantidades variables.",,https://drive.google.com/file/d/1OZOxuJoqpIXHFQRDfeQiPzmnYGZtzmci/view,,1008,,✅ en precios,ACEITES Y VINAGRES
ACEITE DE OLIVA X 3L - VERDEOLIVA,1 UNIDAD,"Aceite de oliva de perfil frutado y gran versatilidad para aderezar, cocinar o terminar platos. Aporta principalmente grasas monoinsaturadas, entre ellas ácido oleico, además de compuestos antioxidantes naturales en cantidades variables.",,https://drive.google.com/file/d/1HhWAIhOPpJBly1q13x1tYuENnT8YT2-C/view,,1908,,✅ en precios,ACEITES Y VINAGRES
ACEITE DE OLIVA X 5 L - RODRIGO DE VIVAR,1 UNIDAD,"Aceite de oliva de perfil frutado y gran versatilidad para aderezar, cocinar o terminar platos. Aporta principalmente grasas monoinsaturadas, entre ellas ácido oleico, además de compuestos antioxidantes naturales en cantidades variables.",,https://drive.google.com/file/d/1H-W9VwJb8KVjAgM_o7EnQJyaFeN4CGi0/view,,1007,,✅ en precios,ACEITES Y VINAGRES
ACEITE DE OLIVA X 500 CC - LAUR,1 UNIDAD,"Aceite de oliva de perfil frutado y gran versatilidad para aderezar, cocinar o terminar platos. Aporta principalmente grasas monoinsaturadas, entre ellas ácido oleico, además de compuestos antioxidantes naturales en cantidades variables.",,https://drive.google.com/file/d/1A2gi-MF5FPGL07b8bam7cjKarlnaRTj4/view,,1002,,✅ en precios,ACEITES Y VINAGRES
ACEITE DE OLIVA X 500 CC - RODRIGO DE VIVAR,1 UNIDAD,"Aceite de oliva de perfil frutado y gran versatilidad para aderezar, cocinar o terminar platos. Aporta principalmente grasas monoinsaturadas, entre ellas ácido oleico, además de compuestos antioxidantes naturales en cantidades variables.",,https://drive.google.com/file/d/1KSYsbt1CWv9vqWtg_sb1PMZ3ZF-IfJTx/view,,1009,,✅ en precios,ACEITES Y VINAGRES
ACEITE DE OLIVA X 500ML - VERDEOLIVA ,1 UNIDAD,"Aceite de oliva de perfil frutado y gran versatilidad para aderezar, cocinar o terminar platos. Aporta principalmente grasas monoinsaturadas, entre ellas ácido oleico, además de compuestos antioxidantes naturales en cantidades variables.",,https://drive.google.com/file/d/1gYtu83WZXt-pZgCxGEAdD48KAGt79yvH/view,,2119,,✅ en precios,ACEITES Y VINAGRES
ACEITE DE OLIVA X 5L - VERDEOLIVA,1 UNIDAD,"Aceite de oliva de perfil frutado y gran versatilidad para aderezar, cocinar o terminar platos. Aporta principalmente grasas monoinsaturadas, entre ellas ácido oleico, además de compuestos antioxidantes naturales en cantidades variables.",,https://drive.google.com/file/d/1-BTYBFcKSUF8WoXp9C4VcHaubtdnR55L/view,,1909,,✅ en precios,ACEITES Y VINAGRES
ACEITE DE OLIVA X 900 CC - RODRIGO DE VIVAR,1 UNIDAD,"Aceite de oliva de perfil frutado y gran versatilidad para aderezar, cocinar o terminar platos. Aporta principalmente grasas monoinsaturadas, entre ellas ácido oleico, además de compuestos antioxidantes naturales en cantidades variables.",,https://drive.google.com/file/d/1a4Djen_Q5drmMmJvn9FxpbC_OqDB0twf/view,,1010,,✅ en precios,ACEITES Y VINAGRES
ACEITE DE OLIVA X 900ML - VERDE OLIVA,1 UNIDAD,"Aceite de oliva de perfil frutado y gran versatilidad para aderezar, cocinar o terminar platos. Aporta principalmente grasas monoinsaturadas, entre ellas ácido oleico, además de compuestos antioxidantes naturales en cantidades variables.",,https://drive.google.com/file/d/142O5TyjoOb0qFDAkbmnTDanpXRDxa8VN/view,,1894,,✅ en precios,ACEITES Y VINAGRES
ACEITE DE SESAMO X 250 ML - NATRUSEM ,1 UNIDAD,"Aceite de sabor tostado e intenso, ideal para aderezos, salteados y platos de inspiración asiática. Aporta grasas insaturadas y compuestos naturales propios del sésamo; unas pocas gotas suelen ser suficientes para aromatizar.",,https://drive.google.com/file/d/11KBYT2aeiYnLfeCyMnVwGyk7q3Ic03xs/view,,2378,,✅ en precios,ACEITES Y VINAGRES
ACETO BALSAMICO 500CC - ALCARAZ GOURMET,1 UNIDAD,"Condimento de sabor agridulce y acidez equilibrada, ideal para ensaladas, marinadas y terminaciones. Aporta pocas grasas; el contenido de azúcares y sodio depende de la elaboración indicada en la etiqueta.",,https://drive.google.com/file/d/1YMehG75RBjLkKehMnf65VxkCnno2rTOm/view,,1064,,✅ en precios,ACEITES Y VINAGRES
ACETO BALSAMICO X 250CC - MILLAN,1 UNIDAD,"Condimento de sabor agridulce y acidez equilibrada, ideal para ensaladas, marinadas y terminaciones. Aporta pocas grasas; el contenido de azúcares y sodio depende de la elaboración indicada en la etiqueta.",,https://drive.google.com/file/d/1IOGhOiSEQdJLK-3PEc0_qOoL5gVz6UPG/view,,2416,,✅ en precios,ACEITES Y VINAGRES
ACETO REDUCCION X 500CC - ALCARAZ GOURMET,1 UNIDAD,"Reducción de aceto de textura espesa y sabor agridulce, pensada para terminar ensaladas, quesos, carnes y vegetales. Su concentración de azúcares puede ser mayor que la de un vinagre común, por lo que se utiliza en pequeñas cantidades.",,https://drive.google.com/file/d/13zdwuvH1ANO2E6Ss6MTYIUFnMCaD7t4O/view,,1066,,✅ en precios,ACEITES Y VINAGRES
VINAGRE DE ALCOHOL X 1 L - CAMINITO,1 UNIDAD,"Vinagre de acidez limpia y sabor neutro, útil para aderezos, conservas y distintas preparaciones culinarias. Se emplea en pequeñas cantidades y su aporte energético suele ser bajo.",,https://drive.google.com/file/d/1ptZ3fLsM7tCWMSAydBBK--WkVZ2mdals/view,,1637,,✅ en precios,ACEITES Y VINAGRES
VINAGRE DE MANZANA X1 L - CAMINITO,1 UNIDAD,"Vinagre de sabor frutado y acidez marcada, ideal para aderezos, marinadas y conservas. También puede disfrutarse diluido en agua para crear una bebida fresca y de sabor intenso.",,https://drive.google.com/file/d/1Fs4XLnu7JdWHpLsF-6X7zhnfFyVAQp1s/view,,1638,,✅ en precios,ACEITES Y VINAGRES
VINAGRE DE VINO X1 L - CAMINITO,1 UNIDAD,"Vinagre de aroma vínico y acidez definida, ideal para ensaladas, marinadas y conservas. Se usa en pequeñas cantidades y aporta muy pocas grasas y proteínas.",,https://drive.google.com/file/d/1yHwikOO8DfT2iRsVUjIG1jg68yrIPabq/view,,1639,,✅ en precios,ACEITES Y VINAGRES
ACEITUNAS GRIEGAS X 1 KG - RODRIGO DE VIVAR,1 UNIDAD,"Aceitunas negras de sabor intenso y textura carnosa, ideales para picadas, ensaladas y panes. Aportan grasas monoinsaturadas y vitamina E; por su conservación en salmuera también contienen sodio.",,https://drive.google.com/file/d/1SjcAtYy5_pKiEW-oqI36ukrQb6o0NxYr/view,,1024,,✅ en precios,ACEITUNAS
ACEITUNAS GRIEGAS X 500GR - RODRIGO DE VIVAR,1 UNIDAD,"Aceitunas negras de sabor intenso y textura carnosa, ideales para picadas, ensaladas y panes. Aportan grasas monoinsaturadas y vitamina E; por su conservación en salmuera también contienen sodio.",,https://drive.google.com/file/d/16Yw8SvRLXB2M439BnKEK40CIRBBSqata/view,,1025,,✅ en precios,ACEITUNAS
ACEITUNAS RELLENAS X 200 GR - DURANG,1 UNIDAD,"Aceitunas rellenas de sabor salado y textura firme, prácticas para picadas, aperitivos y ensaladas. Su relleno aporta un contraste sabroso que las convierte en un bocado listo para servir.",,https://drive.google.com/file/d/1tdWgffM1O9ps3tBKETvpjZ0ze8Uc8bzs/view,,1036,,✅ en precios,ACEITUNAS
ACEITUNAS VERDES Nº 00 X 1 KG - RODRIGO DE VIVAR,1 UNIDAD,"Aceitunas verdes de pulpa firme y sabor característico, ideales para picadas, ensaladas y preparaciones saladas. Aportan grasas monoinsaturadas y vitamina E; la salmuera incrementa su contenido de sodio.",,https://drive.google.com/file/d/1-z9vQ_0VyEe9tTblrjKuiokNv3ecj9If/view,,1043,,✅ en precios,ACEITUNAS
ACEITUNAS VERDES Nº 00 X 500GR - RODRIGO DE VIVAR,1 UNIDAD,"Aceitunas verdes de pulpa firme y sabor característico, ideales para picadas, ensaladas y preparaciones saladas. Aportan grasas monoinsaturadas y vitamina E; la salmuera incrementa su contenido de sodio.",,https://drive.google.com/file/d/1xQum6K1Y6_d4pTL6TDoxM-7yFwDqPcub/view,,1049,,✅ en precios,ACEITUNAS
ACEITUNAS VERDES Nº 1 X 500GR - RODRIGO DE VIVAR,1 UNIDAD,"Aceitunas verdes de pulpa firme y sabor característico, ideales para picadas, ensaladas y preparaciones saladas. Aportan grasas monoinsaturadas y vitamina E; la salmuera incrementa su contenido de sodio.",,https://drive.google.com/file/d/1SIvCTtZG5forSTYSfwmyICZU81Yw9d1P/view,,1050,,✅ en precios,ACEITUNAS
ACEITUNAS VERDES Nº0 X 1 KG - RODRIGO DE VIVAR,1 UNIDAD,"Aceitunas verdes de pulpa firme y sabor característico, ideales para picadas, ensaladas y preparaciones saladas. Aportan grasas monoinsaturadas y vitamina E; la salmuera incrementa su contenido de sodio.",,https://drive.google.com/file/d/1GUWDFv2V60PKV_pMiNbc59OmKZdEFN4o/view,,1044,,✅ en precios,ACEITUNAS
ACEITUNAS VERDES Nº1 X 1 KG - RODRIGO DE VIVAR,1 UNIDAD,"Aceitunas verdes de pulpa firme y sabor característico, ideales para picadas, ensaladas y preparaciones saladas. Aportan grasas monoinsaturadas y vitamina E; la salmuera incrementa su contenido de sodio.",,https://drive.google.com/file/d/1_JEVQnhaBGEd7N9I2nZCGb7CEOGNDCgC/view,,1045,,✅ en precios,ACEITUNAS
AZUCAR IMPALPABLE,250G/500G/1KG,"Azúcar molida muy fina, de textura sedosa y rápida disolución, ideal para glasés, coberturas, rellenos y decoración. Ayuda a lograr terminaciones delicadas y homogéneas en repostería.",,https://drive.google.com/file/d/1A0qdFEmUs_jNrUES8ccOmdecshqTJqma/view,,1140,,✅ en precios,"AZUCAR, CACAO Y REPOSTERIA"
AZUCAR MASCABO,250G/500G/1KG,"Azúcar de caña de sabor intenso, notas acarameladas y textura húmeda, útil en infusiones y repostería. Aporta principalmente hidratos de carbono simples; sus minerales se encuentran en cantidades pequeñas.",,https://drive.google.com/file/d/10WsWJ94Z3AzM3O5DXfjBiWYjoFBCgCk6/view,,1141,,✅ en precios,"AZUCAR, CACAO Y REPOSTERIA"
AZUCAR NEGRA,1KG,"Azúcar de color oscuro, textura húmeda y sabor profundo a melaza, ideal para panes, galletas y tortas. Aporta humedad, color y un perfil acaramelado a las preparaciones.",,https://drive.google.com/file/d/14zx8vpTVr0QajXK3Sfe-E-SEb5X-EwMD/view,,1142,,✅ en precios,"AZUCAR, CACAO Y REPOSTERIA"
BOMBONES DE PISTACHO X10unidades,1 UNIDAD,"Bombones de textura cremosa y sabor marcado a pistacho, pensados para disfrutar o regalar. Una combinación delicada, intensa y lista para convertir cualquier momento en algo especial.",,https://drive.google.com/file/d/18QhrQrnxqnXwRf3l8_QKs1Vxg5BoLnVc/view,,5017,,✅ en precios,"AZUCAR, CACAO Y REPOSTERIA"
CACAO AMARGO DE BRASIL,100G/250G/1KG,"Cacao sin azúcar de sabor intenso, ideal para repostería, bebidas y preparaciones con chocolate. Aporta fibra, minerales como magnesio y hierro, y compuestos antioxidantes naturales del cacao.",,https://drive.google.com/file/d/19jMlGqwqxZcMIC8f7D5QAQIHX8we9RiH/view,,1163,,✅ en precios,"AZUCAR, CACAO Y REPOSTERIA"
CASCARILLA DE CACAO,100G/250G/1KG,"Cáscara aromática del grano de cacao, ideal para preparar infusiones con notas suaves a chocolate. Contiene fibra y compuestos naturales del cacao; su aporte depende de la cantidad utilizada y del modo de preparación.",,https://drive.google.com/file/d/15FzyEn5HGuv699E9UBWoUIJT_oI7QHZ3/view,,1178,,✅ en precios,"AZUCAR, CACAO Y REPOSTERIA"
CHOCOLATE 100%  COBERTURA SEMIAMARGO - COLONIAL,100G/250G/1KG,"Cobertura de cacao de sabor profundo y dulzor equilibrado, ideal para fundir, bañar y elaborar postres. Aporta brillo, cuerpo y una terminación intensa a tortas, bombones y preparaciones de repostería.",,https://drive.google.com/file/d/1pRzT_PG0qDeuoegFcfWK0_YyO5TV9Z6I/view,,2159,,✅ en precios,"AZUCAR, CACAO Y REPOSTERIA"
CHOCOLATE 80%  COBERTURA SEMIAMARGO - COLONIAL,100G/250G/1KG,"Cobertura de chocolate de sabor intenso y amargor equilibrado, ideal para repostería y baños. Su alto contenido de cacao aporta grasas, fibra y minerales; la cantidad de azúcar depende de la formulación.",,https://drive.google.com/file/d/1zyQZPREc2SPSOIiZ2MfzoAFZ6nrrUxma/view,,1424,,✅ en precios,"AZUCAR, CACAO Y REPOSTERIA"
COCO EN ESCAMAS,100G/250G/1KG,"Coco deshidratado en láminas, de sabor suave y textura crocante, ideal para granolas, yogures y repostería. Aporta fibra y grasas, con predominio de grasas saturadas, además de minerales en cantidades variables.",,https://drive.google.com/file/d/13yWZQOqu5ijl1s3GTfAvjgy0utjCmGfq/view,si,1211,,✅ en precios,"AZUCAR, CACAO Y REPOSTERIA"
COCO RALLADO,100G/250G/1KG,"Pulpa de coco deshidratada y rallada, de sabor dulce natural y textura fina, ideal para tortas, galletas, rellenos y granolas. Aporta fibra, aroma tropical y una textura muy agradable.",,https://drive.google.com/file/d/11d9JIijSF4dXlpzMgEpFLAulVjL2LUCH/view,si,1212,,✅ en precios,"AZUCAR, CACAO Y REPOSTERIA"
ESENCIA ARTIFICIAL DE VAINILLA X 100 CC - INDIAS,1 UNIDAD,"Saborizante concentrado con aroma a vainilla, práctico para perfumar tortas, cremas y postres. Se utiliza en pequeñas cantidades y su composición puede incluir aromatizantes, colorantes o conservantes según la etiqueta.",,https://drive.google.com/file/d/19bIyRbLXWdeAbAWXd48C-5h7_3Batcai/view,,1263,,✅ en precios,"AZUCAR, CACAO Y REPOSTERIA"
EXTRACTO DE VAINILLA NATURAL X 100 CC - EL CASTILLO,1 UNIDAD,"Extracto aromático de vainilla, de perfil cálido y complejo, ideal para repostería, bebidas y postres. Se usa en pequeñas cantidades; su aporte nutricional por porción suele ser reducido.",,https://drive.google.com/file/d/1mIsDkXBC2n8_YaXjNskxqYG9QTyf3XTg/view,,2257,,✅ en precios,"AZUCAR, CACAO Y REPOSTERIA"
GOMA XANTICA ,100G/250G/1KG,"Espesante y estabilizante de uso culinario, especialmente útil para mejorar la textura de masas, salsas y preparaciones sin gluten. Se emplea en cantidades pequeñas y aporta principalmente fibra soluble.",,https://drive.google.com/file/d/1sapHAnz98e93LeCTwWNmDUQ-H0Pvjjpq/view,,2408,,✅ en precios,"AZUCAR, CACAO Y REPOSTERIA"
JARABE DE DATILES - LYNA,1 UNIDAD,"Endulzante de sabor frutado y acaramelado, útil en yogures, panqueques y repostería. Aporta principalmente hidratos de carbono simples; puede contener pequeñas cantidades de minerales propios del dátil.",,https://drive.google.com/file/d/1BNWF5zjeaQYcLiT1jTvKF1Lia2D3diqs/view,,2439,,✅ en precios,"AZUCAR, CACAO Y REPOSTERIA"
POLVO PARA HORNEAR,100G/250G/1KG,"Agente leudante que ayuda a dar volumen y una miga más aireada a tortas, muffins y panes rápidos. Se utiliza en pequeñas cantidades y su contenido de sodio depende de la formulación.",,https://drive.google.com/file/d/1GHmgiodbITLTxkJV3qFZXUV9Aadydfhl/view,,2348,,✅ en precios,"AZUCAR, CACAO Y REPOSTERIA"
STEVIA HOJAS,100G/250G/1KG,"Hojas de stevia de dulzor natural intenso, aptas para preparar infusiones o endulzar de forma gradual. Se usan en pequeñas cantidades y aportan muy poca energía en la porción habitual.",,https://drive.google.com/file/d/1yd4cyD-09--TFiv5cH6A5pKpTQjhS8tC/view,si,2178,,✅ en precios,INFUSIONES Y HIERBAS
STEVIA LIQUIDA X120 ML SIN TACC - DULRI,1 UNIDAD,"Endulzante a base de stevia, de sabor intenso y uso práctico en bebidas y preparaciones. Una pequeña cantidad alcanza para aportar dulzor y se integra fácilmente en recetas frías o calientes.",,https://drive.google.com/file/d/1MdWypJGgNjrdvMXpqsRbOpq6yk1lqS1q/view,,2099,,✅ en precios,"AZUCAR, CACAO Y REPOSTERIA"
STEVIA X100 SOBRES SIN TACC - DULRI,1 UNIDAD,"Endulzante a base de stevia, de sabor intenso y uso práctico en bebidas y preparaciones. Una pequeña cantidad alcanza para aportar dulzor y se integra fácilmente en recetas frías o calientes.",,https://drive.google.com/file/d/1jNI3cM6YZwS9ca--DrH_NE26wlX3BnsC/view,,2098,,✅ en precios,"AZUCAR, CACAO Y REPOSTERIA"
"JUGO DE ARANDANOS X1,5 L - FITOPLUS",1 UNIDAD,"Bebida frutal de sabor ácido y refrescante, ideal para tomar bien fría o sumar a tragos sin alcohol. Los arándanos aportan su color característico y compuestos antioxidantes naturales.",CON STEVIA/CON SUCRALOSA/CON SEMILLAS DE CHIA,https://drive.google.com/file/d/1EXfxe04nERNmj0f-T0n6JU8W6es32oUv/view,,1324,,✅ en precios,BEBIDAS
KEFIR DE AGUA SABORIZADO X950 ML - KE.LIVE,1 UNIDAD,Bebida fermentada de sabor levemente ácido y burbujeante. Puede aportar microorganismos vivos propios de la fermentación; el contenido de azúcar y la cantidad de cultivos dependen de la elaboración.,FRUTILLA/NARANJA-MANZANA/LIMON-NARANJA/LIMON-JENGIBRE-NARANJA,https://drive.google.com/file/d/1sWZyLQ4U7Sao99ttJvgzi6UXXrwu6Bz_/view,,2233,,✅ en precios,BEBIDAS
KOMBUCHA X354 ML - EYWA,1 UNIDAD,"Bebida de té fermentado, refrescante y ligeramente ácida, con una agradable efervescencia natural. Ideal para disfrutar fría como una alternativa distinta y llena de sabor.",ANANA Y NARANJA/LIMON Y JENGIBRE/MARACUYA/LAVANDA Y MANZANILLA/MENTA Y LEMONGRASS/HIBISCUS Y ROSA MOSQUETA,https://drive.google.com/file/d/1UotVNl4CN8ktpjb51NTLKiaHWnXxBAIs/view,,2459,,✅ en precios,BEBIDAS
LECHE DE ALMENDRAS X 1 L - COCOON,1 UNIDAD,"Bebida vegetal de sabor suave, práctica para desayunos, licuados y recetas. Su aporte de proteínas, calcio y azúcares depende de la formulación y del agregado de nutrientes indicado en la etiqueta.",,https://drive.google.com/file/d/16mVUrrkYQ7WWD2YJW9mEQjNalKXaBiCD/view,,1351,,❌ no está en precios,
LECHE DE COCO EN POLVO,100G/250G/1KG,"Coco deshidratado en polvo para preparar bebidas, salsas y postres de textura cremosa. Aporta principalmente grasas, con predominio de grasas saturadas; la composición puede variar según la formulación.",,https://drive.google.com/file/d/1avRNwF5Bzk5yg3i5ZHPG-BwUMo3bhjUb/view,,1727,,✅ en precios,BEBIDAS
ALMOHADITAS DE CHOCOLATE ,250G/500G/1KG,"Cereal crocante saborizado, práctico para desayunos y colaciones. Aporta principalmente hidratos de carbono; el contenido de azúcares, grasas y sodio depende de la formulación.",,https://drive.google.com/file/d/1WtjiyZpSTUeVK4OcYc1z6_cZs3ZOjiHQ/view,si,1115,,✅ en precios,CEREALES
ALMOHADITAS DE FRUTILLA,250G/500G/1KG,"Cereal crocante saborizado, práctico para desayunos y colaciones. Aporta principalmente hidratos de carbono; el contenido de azúcares, grasas y sodio depende de la formulación.",,https://drive.google.com/file/d/1yZdc6EAeBDlf895N0uizyQGemJi7ivZ-/view,si,1117,,✅ en precios,CEREALES
ALMOHADITAS DE LIMON,250G/500G/1KG,"Cereal crocante saborizado, práctico para desayunos y colaciones. Aporta principalmente hidratos de carbono; el contenido de azúcares, grasas y sodio depende de la formulación.",,https://drive.google.com/file/d/1M76YRVivSWU1mROLRo7d1MfwQg3ypEI6/view,si,1118,,✅ en precios,CEREALES
ALMOHADITAS DOS SALVADOS,250G/500G/1KG,"Cereal crocante elaborado con salvado, ideal para desayunos y colaciones. Aporta hidratos de carbono y fibra, y combina muy bien con yogur, leche, frutas o bebidas vegetales.",,https://drive.google.com/file/d/1tWKPU9lnGg_x3xO5qKoe1Xe1Yoj0Qzby/view,si,1114,,✅ en precios,CEREALES
ANILLOS DE AVENA Y MIEL,250G/500G/1KG,"Cereal de sabor suave y textura versátil, ideal para desayunos, granolas, galletas y preparaciones calientes. Aporta hidratos de carbono complejos, fibra soluble y proteína vegetal, además de minerales como magnesio y fósforo.",,https://drive.google.com/file/d/1ypkgGfypNVXdAyhu3e_tctFL_pvRh2ih/view,si,1121,,✅ en precios,CEREALES
ANILLOS FRUTADOS,250G/500G/1KG,"Cereal crocante saborizado, práctico para desayunos y colaciones. Aporta principalmente hidratos de carbono; el contenido de azúcares, grasas y sodio depende de la formulación.",,https://drive.google.com/file/d/1Ud1G3_GTKzOJlgQUuWIsDS8gW8W7uN1n/view,si,1122,,✅ en precios,CEREALES
AVENA ARROLLADA GRUESA,250G/500G/1KG,"Cereal de sabor suave y textura versátil, ideal para desayunos, granolas, galletas y preparaciones calientes. Aporta hidratos de carbono complejos, fibra soluble y proteína vegetal, además de minerales como magnesio y fósforo.",,https://drive.google.com/file/d/1Y6Do4jttfSx_kCoknumMYRFQ8oP-lEw2/view,si,1135,,✅ en precios,CEREALES
AVENA INSTANTÁNEA,250G/500G/1KG,"Cereal de sabor suave y textura versátil, ideal para desayunos, granolas, galletas y preparaciones calientes. Aporta hidratos de carbono complejos, fibra soluble y proteína vegetal, además de minerales como magnesio y fósforo.",,https://drive.google.com/file/d/1T1EtpnddycW6n2lZy9DxfBBXFpMvdROQ/view,si,1136,,✅ en precios,CEREALES
AVENA TRADICIONAL,250G/500G/1KG,"Cereal de sabor suave y textura versátil, ideal para desayunos, granolas, galletas y preparaciones calientes. Aporta hidratos de carbono complejos, fibra soluble y proteína vegetal, además de minerales como magnesio y fósforo.",,https://drive.google.com/file/d/1Wrrzd3hO2ew6ry9B0tZ9rpmtMPzYcWhv/view,si,1137,,✅ en precios,CEREALES
BASTONCITOS DE SALVADO DE TRIGO Y AVENA,250G/500G/1KG,"Cereal de sabor suave y textura versátil, ideal para desayunos, granolas, galletas y preparaciones calientes. Aporta hidratos de carbono complejos, fibra soluble y proteína vegetal, además de minerales como magnesio y fósforo.",,https://drive.google.com/file/d/19pulxRbH7xL56FagImtf_tiyKI4iPlvm/view,si,1147,,✅ en precios,CEREALES
BOLITAS DE CHOCOLATE,250G/500G/1KG,"Cereal crocante saborizado, práctico para desayunos y colaciones. Aporta principalmente hidratos de carbono; el contenido de azúcares, grasas y sodio depende de la formulación.",,https://drive.google.com/file/d/1Q56-RkzQo7pP8geqUZ-AGVchPl4ItYdr/view,si,1155,,✅ en precios,CEREALES
COPOS DE MAIZ,250G/500G/1KG,"Cereal de maíz liviano y crocante, práctico para desayunos y colaciones. Aporta principalmente hidratos de carbono; el contenido de azúcares y sodio depende de la formulación.",,https://drive.google.com/file/d/1P4UdCh-pg94nJfhD1wCBCNyniZMLzkwi/view,si,1229,,✅ en precios,CEREALES
COPOS DE MAIZ CON AZUCAR,250G/500G/1KG,"Cereal de maíz crocante con un toque dulce, práctico para desayunos y colaciones. Su textura liviana combina muy bien con leche, yogur, frutas o bebidas vegetales.",,https://drive.google.com/file/d/1L5n634OGcpybf7dAGm0hTnbx3y-OXPZC/view,si,1228,,✅ en precios,CEREALES
GRANOLA CON CHIPS DE CHOCOLATE,250G/500G/1KG,"Mezcla crocante a base de cereales, pensada para combinar con yogur, leche o frutas. Aporta hidratos de carbono, fibra y, según sus ingredientes, grasas y proteína vegetal; azúcares y calorías varían según la receta.",,https://drive.google.com/file/d/1wt5BnuZzh5Ef8olB_3V36TU-2dfdI8AK/view,,1912,,✅ en precios,CEREALES
GRANOLA CROCANTE CON MIEL,250G/500G/1KG,"Mezcla crocante a base de cereales, pensada para combinar con yogur, leche o frutas. Aporta hidratos de carbono, fibra y, según sus ingredientes, grasas y proteína vegetal; azúcares y calorías varían según la receta.",,https://drive.google.com/file/d/1GRbVoWoDOkU_AvvBDfQaq4LRhRUXGqNL/view,,1290,,✅ en precios,CEREALES
GRANOLA CRUNCH X 1 KG - HOMEMADE,1 UNIDAD,"Mezcla crocante a base de cereales, pensada para combinar con yogur, leche o frutas. Aporta hidratos de carbono, fibra y, según sus ingredientes, grasas y proteína vegetal; azúcares y calorías varían según la receta.",,https://drive.google.com/file/d/15x8rdZOYfvqKQJMcNlDdW9bOD4f_jBae/view,,5022,,✅ en precios,CEREALES
GRANOLA FIT-CRUNCH X 1KG - HOMEMADE,1 UNIDAD,"Mezcla crocante a base de cereales, pensada para combinar con yogur, leche o frutas. Aporta hidratos de carbono, fibra y, según sus ingredientes, grasas y proteína vegetal; azúcares y calorías varían según la receta.",,https://drive.google.com/file/d/1-_nZtU2aMf7sp1FQ_ei7BgvPusFySnmu/view,,5023,,✅ en precios,CEREALES
GRANOLA MIX BERRIES - KÖS,250G/500G/1KG,"Mezcla crocante a base de cereales, pensada para combinar con yogur, leche o frutas. Aporta hidratos de carbono, fibra y, según sus ingredientes, grasas y proteína vegetal; azúcares y calorías varían según la receta.",,https://drive.google.com/file/d/1y2j0FAvDW0Yp3411EB6rCjfiYk1JVbpg/view,,1286,,✅ en precios,CEREALES
GRANOLA MIX ENERGETICA - KÖS,250G/500G/1KG,"Mezcla crocante a base de cereales, pensada para combinar con yogur, leche o frutas. Aporta hidratos de carbono, fibra y, según sus ingredientes, grasas y proteína vegetal; azúcares y calorías varían según la receta.",,https://drive.google.com/file/d/1xZkK9rKGEu0Ih7cijzQIeR-hMUPK1nW5/view,,1287,,✅ en precios,CEREALES
GRANOLA MIX TROPICAL - KÖS,250G/500G/1KG,"Mezcla crocante a base de cereales, pensada para combinar con yogur, leche o frutas. Aporta hidratos de carbono, fibra y, según sus ingredientes, grasas y proteína vegetal; azúcares y calorías varían según la receta.",,https://drive.google.com/file/d/1vDPGng1Bx-pfymsbqZquQ8o3DuurzGou/view,,1289,,✅ en precios,CEREALES
GRANOLA SIN PASAS,250G/500G/1KG,"Mezcla crocante a base de cereales, pensada para combinar con yogur, leche o frutas. Aporta hidratos de carbono, fibra y, según sus ingredientes, grasas y proteína vegetal; azúcares y calorías varían según la receta.",,https://drive.google.com/file/d/1D16zkgWKPgqaxR0o7lwIlugBBDKoeM1F/view,,1897,,✅ en precios,CEREALES
GRANOLA TRADICIONAL SIN FRUTOS SECOS,250G/500G/1KG,"Mezcla crocante a base de cereales, pensada para combinar con yogur, leche o frutas. Aporta hidratos de carbono, fibra y, según sus ingredientes, grasas y proteína vegetal; azúcares y calorías varían según la receta.",,https://drive.google.com/file/d/1gZTHH73FsNkAfJ0CDc6u7WCmaul_3mF9/view,,1911,,✅ en precios,CEREALES
QUINOA INFLADA,250G/500G/1KG,"Quinoa inflada de textura liviana y crocante, ideal para desayunos, barras y coberturas. Aporta hidratos de carbono, fibra y proteína vegetal; puede incorporarse directamente sin cocción.",,https://drive.google.com/file/d/1qMBmu67kSyesq1C7FxsBaowJl7dUlj1m/view,si,1549,,✅ en precios,CEREALES
TUTUCAS CON AZUCAR,250G/500G/1KG,"Maíz inflado de textura aireada y crocante, con un sabor dulce que lo vuelve irresistible. Ideal para una colación simple, compartir o sumar a una mesa dulce.",,https://drive.google.com/file/d/1hF12REdli5qnypdctorBmKVdPaKIP08A/view,,1635,,✅ en precios,CEREALES
TUTUCAS SIN AZUCAR,250G/500G/1KG,"Maíz inflado de textura aireada y crocante, sin azúcar agregada según su denominación. Aporta principalmente hidratos de carbono y resulta práctico como colación o base para mezclas.",,https://drive.google.com/file/d/1ssnRXWRHhOyxkgKCyeSYK4o-f34Shh0d/view,,1636,,✅ en precios,CEREALES
ARANDANOS DESHIDRATADOS,250G/500G/1KG,"Arándanos deshidratados de sabor agridulce, prácticos para granolas, yogures y repostería. Aportan hidratos de carbono, compuestos vegetales y un toque frutal intenso.",,https://drive.google.com/file/d/1-3hEiQdp5-wSKlvvcymYZu1DU6SVODsx/view,si,1127,,✅ en precios,DESHIDRATADOS
CHIPS DE BANANA,250G/500G/1KG,"Rodajas de banana de textura crocante y sabor dulce, prácticas para colaciones y mezclas. Aportan principalmente hidratos de carbono; grasas y azúcares pueden variar según el método de elaboración.",,https://drive.google.com/file/d/1tHz0CPQn94o34AE_oymNrsxf_gCoDDya/view,si,1202,,✅ en precios,DESHIDRATADOS
CIRUELA PRESIDENTE SIN CAROZO,250G/500G/1KG,"Ciruelas deshidratadas de sabor dulce y textura tierna, prácticas para colaciones y repostería. Aportan hidratos de carbono, fibra, potasio y compuestos vegetales naturales.",,https://drive.google.com/file/d/1Tedikm7hqYFZZGrkfGX1KRlF2b1ETX8r/view,si,1206,,✅ en precios,DESHIDRATADOS
CIRUELAS D`AGEN CON CAROZO,250G/500G/1KG,"Ciruelas deshidratadas de sabor dulce y textura tierna, prácticas para colaciones y repostería. Aportan hidratos de carbono, fibra, potasio y compuestos vegetales naturales.",,https://drive.google.com/file/d/19xXY0pEbQvvg7sMKeDGhGmMqLaZFYnFA/view,,1207,,✅ en precios,DESHIDRATADOS
CIRUELAS TIERNIZADAS SIN CAROZO,250G/500G/1KG,"Ciruelas deshidratadas de sabor dulce y textura tierna, prácticas para colaciones y repostería. Aportan hidratos de carbono, fibra, potasio y compuestos vegetales naturales.",,https://drive.google.com/file/d/1UaJqE6bpmw1tzb1xHxIzodRhMBZsqcHV/view,si,1208,,✅ en precios,DESHIDRATADOS
DATILES DE EGIPTO CON CAROZO,250G/500G/1KG,"Dátiles de sabor dulce y textura carnosa, ideales para colaciones, rellenos y preparaciones sin azúcar refinada. Aportan hidratos de carbono, fibra y minerales como potasio y magnesio.",,https://drive.google.com/file/d/1ggYi4CGKjZ9XCLcLwiXQoKgRtp-IhCP9/view,,1242,,❌ no está en precios,
FRUTA ESCURRIDA,250G/500G/1KG,"Fruta deshidratada de sabor concentrado y textura agradable, práctica para colaciones, granolas y repostería. Aporta hidratos de carbono, fibra y minerales, además de un dulzor frutal muy versátil.",,https://drive.google.com/file/d/1Q6aYP2IupHjGyGW62HuK0yczmhzAQgvn/view,,1271,,✅ en precios,DESHIDRATADOS
FRUTA MULTICOLOR,250G/500G/1KG,"Fruta deshidratada de sabor concentrado y textura agradable, práctica para colaciones, granolas y repostería. Aporta hidratos de carbono, fibra y minerales, además de un dulzor frutal muy versátil.",,https://drive.google.com/file/d/1sJwlaZCtWN3eJshcjCjwgCc3KBQuK4fT/view,si,1954,,✅ en precios,DESHIDRATADOS
HIGOS TIERNIZADOS,250G/500G/1KG,"Higos deshidratados de sabor dulce y textura tierna, ideales para colaciones, tablas y repostería. Aportan hidratos de carbono, fibra, potasio y calcio en cantidades variables.",,https://drive.google.com/file/d/1Q9lPGXaeVdr2bRx8us-T_J2OFgI9XW54/view,si,1311,,✅ en precios,DESHIDRATADOS
JENGIBRE GLASEADO,250G/500G/1KG,"Jengibre de sabor picante y dulce, con textura tierna y cobertura azucarada. Ideal para repostería, tablas dulces o disfrutar como una colación diferente y aromática.",,https://drive.google.com/file/d/1f8nx3YkZ3XqTBJOr7RbUnkiIuX8F9dFw/view,,1319,,✅ en precios,DESHIDRATADOS
MEDALLONES DE DURAZNO,250G/500G/1KG,"Fruta deshidratada de sabor concentrado y textura agradable, práctica para colaciones, granolas y repostería. Aporta hidratos de carbono, fibra y minerales, además de un dulzor frutal muy versátil.",,https://drive.google.com/file/d/1MwU_DIjxJKxV2ruB339EY2Ft0EsuzXvR/view,si,1394,,✅ en precios,DESHIDRATADOS
PASAS DE UVA CON SEMILLAS,250G/500G/1KG,"Uvas deshidratadas de dulzor natural y textura tierna, ideales para granolas, panes, ensaladas y colaciones. Aportan hidratos de carbono, fibra, potasio y compuestos antioxidantes naturales.",,https://drive.google.com/file/d/1Pu2D-RFY57UtSR3BJHr4uot2JKPFAj9Z/view,,2440,,✅ en precios,DESHIDRATADOS
PASAS MOROCHA FLAME SIN SEMILLA,250G/500G/1KG,"Uvas deshidratadas de dulzor natural y textura tierna, ideales para granolas, panes, ensaladas y colaciones. Aportan hidratos de carbono, fibra, potasio y compuestos antioxidantes naturales.",,https://drive.google.com/file/d/16DnWqgTXff5E0l4ItsA2jI9UNtPPwJjQ/view,si,1955,,✅ en precios,DESHIDRATADOS
PASAS MOROCHA JUMBO SIN SEMILLA,250G/500G/1KG,"Uvas deshidratadas de dulzor natural y textura tierna, ideales para granolas, panes, ensaladas y colaciones. Aportan hidratos de carbono, fibra, potasio y compuestos antioxidantes naturales.",,https://drive.google.com/file/d/1cKCSvqBSLd30SBGisx625jOeuSr9mCei/view,si,4456,,✅ en precios,DESHIDRATADOS
PASAS RUBIA SIN SEMILLA,250G/500G/1KG,"Uvas deshidratadas de dulzor natural y textura tierna, ideales para granolas, panes, ensaladas y colaciones. Aportan hidratos de carbono, fibra, potasio y compuestos antioxidantes naturales.",,https://drive.google.com/file/d/1NechloJwourKBTRFWmgNSqLXsMQsz0n6/view,si,1461,,✅ en precios,DESHIDRATADOS
PERAS WILLIAMS,250G/500G/1KG,"Fruta deshidratada de sabor concentrado y textura agradable, práctica para colaciones, granolas y repostería. Aporta hidratos de carbono, fibra y minerales, además de un dulzor frutal muy versátil.",,https://drive.google.com/file/d/1G2SEtD_Q1ayam3utq_qterHqoY4_g2kP/view,si,1488,,✅ en precios,DESHIDRATADOS
RODAJAS DE NARANJA DESHIDRATADA,50G/250G/1KG,"Rodajas de naranja deshidratada, aromáticas y de sabor cítrico, útiles en infusiones, coctelería y decoración. Aportan fibra y compuestos naturales de la fruta; el azúcar depende del proceso de elaboración.",,https://drive.google.com/file/d/1STntUIKWPjsuhSgWzIFTcNAiHTM0uz2C/view,,1692,,✅ en precios,DESHIDRATADOS
TOMATE SECOS,250G/500G/1KG,"Tomate deshidratado de sabor concentrado y textura firme, ideal para salsas, panes, ensaladas y rellenos. Aporta fibra, potasio y compuestos antioxidantes naturales como el licopeno.",,https://drive.google.com/file/d/10_jDExoNlrLxBgITNPWTHv_6tajstWsy/view,,1632,,✅ en precios,DESHIDRATADOS
ALMENDRAS CON CHOCOLATE,250G/500G/1KG,"Bocado dulce de textura crocante o tierna combinado con chocolate, ideal para disfrutar en porciones pequeñas. Aporta hidratos de carbono y grasas; la cantidad de cacao, azúcares y frutos secos depende de la receta.",,https://drive.google.com/file/d/1hmWs7T2wC96TtgD45OkILyJDXkGnOyjz/view,si,2001,,✅ en precios,"DULCES, MIEL Y CHOCOLATES"
ARANDANOS CON CHOCOLATE,250G/500G/1KG,"Bocado dulce de textura crocante o tierna combinado con chocolate, ideal para disfrutar en porciones pequeñas. Aporta hidratos de carbono y grasas; la cantidad de cacao, azúcares y frutos secos depende de la receta.",,https://drive.google.com/file/d/1x67GyL9CCrv_p-LXAt9DxZ8XqUgGhAq2/view,si,2002,,✅ en precios,"DULCES, MIEL Y CHOCOLATES"
AVELLANAS CON CHOCOLATE,250G/500G/1KG,"Bocado dulce de textura crocante o tierna combinado con chocolate, ideal para disfrutar en porciones pequeñas. Aporta hidratos de carbono y grasas; la cantidad de cacao, azúcares y frutos secos depende de la receta.",,https://drive.google.com/file/d/1JqHkzKW0GHiwkCvdLRrpnd8GxYXsHZsU/view,si,2010,,✅ en precios,"DULCES, MIEL Y CHOCOLATES"
BANANITAS CON CHOCOLATE,250G/500G/1KG,"Bocado dulce de textura crocante o tierna combinado con chocolate, ideal para disfrutar en porciones pequeñas. Aporta hidratos de carbono y grasas; la cantidad de cacao, azúcares y frutos secos depende de la receta.",,https://drive.google.com/file/d/1lTHh9dcV--oni4bsmIrHPM4KGoTf38ub/view,si,2455,,✅ en precios,"DULCES, MIEL Y CHOCOLATES"
BARRA DE CHOCOLATE 55% SIN AZUCAR x 100 g - COLONIAL,1 UNIDAD,"Chocolate de sabor intenso y textura firme, pensado para disfrutar solo o utilizar en repostería. Sus notas profundas de cacao lo convierten en una opción ideal para quienes prefieren sabores marcados.",,https://drive.google.com/file/d/1guwxJ8Acdq3a9vv-mUm5nW_JUIDcTcID/view,,2004,,✅ en precios,"DULCES, MIEL Y CHOCOLATES"
BARRA DE CHOCOLATE 70% CON STEVIA x 100 GR - COLONIAL,1 UNIDAD,"Chocolate de sabor intenso y textura firme, pensado para disfrutar solo o utilizar en repostería. Sus notas profundas de cacao lo convierten en una opción ideal para quienes prefieren sabores marcados.",,https://drive.google.com/file/d/1tEMqFtY5CHTTVi0kPVkqUuZftUgBWaM1/view,,2003,,✅ en precios,"DULCES, MIEL Y CHOCOLATES"
BARRA DE CHOCOLATE 80% ORGANICO X 100 GR - COLONIAL,1 UNIDAD,"Chocolate de sabor intenso y textura firme, pensado para disfrutar solo o utilizar en repostería. Sus notas profundas de cacao lo convierten en una opción ideal para quienes prefieren sabores marcados.",,https://drive.google.com/file/d/14RCfMfiamjxbBTREICeDFap3Pxvxx4w5/view,,2268,,✅ en precios,"DULCES, MIEL Y CHOCOLATES"
CHIPS DE CHOCOLATE BLANCO,250G/500G/1KG,"Pequeñas gotas de chocolate ideales para galletas, tortas, granolas y coberturas. Aportan principalmente grasas e hidratos de carbono; el contenido de cacao y azúcar varía según el tipo de chocolate.",,https://drive.google.com/file/d/1LoOfkqDKcFnDpE0Z_KERZVuXSY-gwz7M/view,si,2241,,✅ en precios,"DULCES, MIEL Y CHOCOLATES"
CHIPS DE CHOCOLATE SEMIAMARGO,250G/500G/1KG,"Pequeñas gotas de chocolate ideales para galletas, tortas, granolas y coberturas. Aportan principalmente grasas e hidratos de carbono; el contenido de cacao y azúcar varía según el tipo de chocolate.",,https://drive.google.com/file/d/1JdNKy_l3ilrDwJ0_iarB8OmfRPJkiRva/view,si,2007,,✅ en precios,"DULCES, MIEL Y CHOCOLATES"
DULCE DE ALCAYOTA X500 GR - DON FRANCISCO,1 UNIDAD,"Dulce frutal de textura fibrosa y sabor suave, ideal para tostadas, quesos y repostería. Aporta principalmente hidratos de carbono; la cantidad de azúcar depende de la receta.",,https://drive.google.com/file/d/1hAmK_w0nFlj5twyDbbKKPHfwotPTyCIb/view,,1244,,✅ en precios,"DULCES, MIEL Y CHOCOLATES"
DULCE DE LECHE CON STEVIA - SIN TACC - DOÑA MAGDALENA,1 UNIDAD,"Dulce de leche de textura cremosa, apto para untar, rellenar y acompañar postres. Aporta principalmente hidratos de carbono y proteínas lácteas; la cantidad de azúcares o edulcorantes depende de la formulación.",,https://drive.google.com/file/d/1WHw5mkEvjgT-mPw4uZx2H0aYiH9lYZe6/view,,2134,,✅ en precios,"DULCES, MIEL Y CHOCOLATES"
DULCE DE LECHE DE COCO VEGANO - DOÑA MAGDALENA,1 UNIDAD,"Dulce de textura cremosa y sabor a coco, elaborado como alternativa vegetal para untar o usar en postres. Aporta un perfil tropical y una consistencia suave que combina con panes, frutas y repostería.",,https://drive.google.com/file/d/1RNgjG2UBtMOR-lWl6enYwwRNtC3AhQOi/view,,2145,,✅ en precios,"DULCES, MIEL Y CHOCOLATES"
DULCE DE MEMBRILLO X1 KG - DON FRANCISCO,1 UNIDAD,"Dulce de membrillo de sabor frutado y textura firme, ideal para postres, rellenos y la clásica combinación con queso. Su consistencia permite cortarlo, servirlo y utilizarlo fácilmente en repostería.",,https://drive.google.com/file/d/1wGO4YqplgiTtHKaJMhkW5-eC8h6xoc-1/view,,1254,,✅ en precios,"DULCES, MIEL Y CHOCOLATES"
DULCE DE MEMBRILLO X500 GR - MUPAY,1 UNIDAD,"Dulce de membrillo de sabor frutado y textura firme, ideal para postres, rellenos y la clásica combinación con queso. Su consistencia permite cortarlo, servirlo y utilizarlo fácilmente en repostería.",,https://drive.google.com/file/d/1M2tosfDbag8ZAAwyKx1kbQfsiw7okEBi/view,,1253,,✅ en precios,"DULCES, MIEL Y CHOCOLATES"
GARRAPIÑADA DE MANI,250G/500G/1KG,"Maní tostado recubierto con caramelo crocante, de sabor dulce y textura irresistible. Ideal para compartir, sumar a una picada dulce o disfrutar como un pequeño gusto.",,https://drive.google.com/file/d/1Aak-uAtZrdeIs0wgpM1t1J43vNSCY5bZ/view,,1276,,✅ en precios,"DULCES, MIEL Y CHOCOLATES"
LENTEJA DE CHOCOLATE,250G/500G/1KG,"Bocado dulce de textura crocante o tierna combinado con chocolate, ideal para disfrutar en porciones pequeñas. Aporta hidratos de carbono y grasas; la cantidad de cacao, azúcares y frutos secos depende de la receta.",,https://drive.google.com/file/d/1yQIyrX6YNZ1kCZYX7DX3ljrLef6l4c4v/view,si,2316,,✅ en precios,"DULCES, MIEL Y CHOCOLATES"
MANI CON CHOCOLATE SEMIAMARGO,250G/500G/1KG,"Bocado dulce de textura crocante o tierna combinado con chocolate, ideal para disfrutar en porciones pequeñas. Aporta hidratos de carbono y grasas; la cantidad de cacao, azúcares y frutos secos depende de la receta.",,https://drive.google.com/file/d/1ru1C0csggjgkl6f2NhrpEb_mkcO3KWmn/view,si,2008,,✅ en precios,"DULCES, MIEL Y CHOCOLATES"
MEMBRILLITOS X30 GR - PIZARRO,1 UNIDAD,"Dulce de membrillo de sabor frutado y textura firme, ideal para postres, rellenos y la clásica combinación con queso. Su consistencia permite cortarlo, servirlo y utilizarlo fácilmente en repostería.",,https://drive.google.com/file/d/14phf-_VuRbjq5lGSGY6etaD_lllAKnDk/view,,2229,,✅ en precios,"DULCES, MIEL Y CHOCOLATES"
MERMELADA CON STEVIA SIN TACC - DOÑA MAGDALENA,1 UNIDAD,"Mermelada de sabor frutado y textura untable, ideal para desayunos, postres y rellenos. Cada variedad conserva un perfil propio y aporta color, aroma y dulzor a tostadas, yogures y recetas.",FRUTILLA/DURAZNO,https://drive.google.com/file/d/1Q7z-fTvZodCM-Bj1Kcj3MTHVWYLoIohT/view,,2153,15,✅ en precios,"DULCES, MIEL Y CHOCOLATES"
MERMELADA DE CITRICOS - LAS DOÑAS,1 UNIDAD,"Mermelada de sabor frutado y textura untable, ideal para desayunos, postres y rellenos. Cada variedad conserva un perfil propio y aporta color, aroma y dulzor a tostadas, yogures y recetas.",,https://drive.google.com/file/d/1d4-j6FzUDHjNkzft5X9qTD-_W6chuCXG/view,,2123,15,✅ en precios,"DULCES, MIEL Y CHOCOLATES"
MERMELADA DE DURAZNO X450 GR - LA CASITA DE LA ABUELI,1 UNIDAD,"Mermelada de sabor frutado y textura untable, ideal para desayunos, postres y rellenos. Cada variedad conserva un perfil propio y aporta color, aroma y dulzor a tostadas, yogures y recetas.",,https://drive.google.com/file/d/1f28qxUcBPwGJgi7Rc3oMnJ-eDPWf3xvK/view,,5019,15,✅ en precios,"DULCES, MIEL Y CHOCOLATES"
MERMELADA DE FRUTILLAS Y ARANDANOS - LAS DOÑAS,1 UNIDAD,"Mermelada de sabor frutado y textura untable, ideal para desayunos, postres y rellenos. Cada variedad conserva un perfil propio y aporta color, aroma y dulzor a tostadas, yogures y recetas.",,https://drive.google.com/file/d/1Ib512u7c5_rHUpjA-lqENWOY32hdF1OO/view,,2122,15,✅ en precios,"DULCES, MIEL Y CHOCOLATES"
MERMELADA DE FRUTOS DEL BOSQUE X450 GR - LA CASITA DE LA ABUELI,1 UNIDAD,"Mermelada de sabor frutado y textura untable, ideal para desayunos, postres y rellenos. Cada variedad conserva un perfil propio y aporta color, aroma y dulzor a tostadas, yogures y recetas.",,https://drive.google.com/file/d/1Sv5PveyVfyNnTFlT8O1F-T8utY550NVx/view,,5020,15,✅ en precios,"DULCES, MIEL Y CHOCOLATES"
MERMELADA DE MEMBRILLO X450GR - LA CASITA DE LA ABUELI,1 UNIDAD,"Dulce de membrillo de sabor frutado y textura firme, ideal para postres, rellenos y la clásica combinación con queso. Su consistencia permite cortarlo, servirlo y utilizarlo fácilmente en repostería.",,https://drive.google.com/file/d/1YzjSZ-7SRayly5I9RyJF16izEQYrZD5a/view,,5018,15,✅ en precios,"DULCES, MIEL Y CHOCOLATES"
MERMELADA DE PERAS AL MALBEC - LAS DOÑAS,1 UNIDAD,"Mermelada de sabor frutado y textura untable, ideal para desayunos, postres y rellenos. Cada variedad conserva un perfil propio y aporta color, aroma y dulzor a tostadas, yogures y recetas.",,https://drive.google.com/file/d/1VDSIzTaJWq0C-jE2lxZNHiZWWOXEqbAX/view,,2368,15,✅ en precios,"DULCES, MIEL Y CHOCOLATES"
MERMELADA DE PERAS Y JENGIBRE - LAS DOÑAS,1 UNIDAD,"Mermelada de sabor frutado y textura untable, ideal para desayunos, postres y rellenos. Cada variedad conserva un perfil propio y aporta color, aroma y dulzor a tostadas, yogures y recetas.",,https://drive.google.com/file/d/1LoJImNZoFZaBVsjye0hFtBLEbltc1Y6N/view,,2124,15,✅ en precios,"DULCES, MIEL Y CHOCOLATES"
MERMELADA FRUTILLA X310 GR - MQA,1 UNIDAD,"Mermelada de sabor frutado y textura untable, ideal para desayunos, postres y rellenos. Cada variedad conserva un perfil propio y aporta color, aroma y dulzor a tostadas, yogures y recetas.",,https://drive.google.com/file/d/1fckmpdYNEhJ_1MMdHuCMvK9G-DyEICLj/view,,1902,15,✅ en precios,"DULCES, MIEL Y CHOCOLATES"
MERMELADA FRUTOS ROJOS CON STEVIA - DOÑA MAGDALENA,1 UNIDAD,"Mermelada de sabor frutado y textura untable, ideal para desayunos, postres y rellenos. Cada variedad conserva un perfil propio y aporta color, aroma y dulzor a tostadas, yogures y recetas.",,https://drive.google.com/file/d/1v9_BFPVBlDHxweYXtHg-WfAeoMmSBHdC/view,,2435,15,✅ en precios,"DULCES, MIEL Y CHOCOLATES"
MERMELADA X310 GR - MQA,1 UNIDAD,"Mermelada de sabor frutado y textura untable, ideal para desayunos, postres y rellenos. Cada variedad conserva un perfil propio y aporta color, aroma y dulzor a tostadas, yogures y recetas.",MANZANA/NARANJA/CIRUELA,https://drive.google.com/file/d/1vtJT3rgI9ZUaxgtO8W0GNYrlOpWlgOj_/view,,1901,15,✅ en precios,"DULCES, MIEL Y CHOCOLATES"
MERMELADA ZANAHORIA Y NARANJA X310 GR,1 UNIDAD,"Mermelada de sabor frutado y textura untable, ideal para desayunos, postres y rellenos. Cada variedad conserva un perfil propio y aporta color, aroma y dulzor a tostadas, yogures y recetas.",,https://drive.google.com/file/d/1got4Ma1xpSNperiiDL_JS6wBBx2cdluy/view,,1906,15,✅ en precios,"DULCES, MIEL Y CHOCOLATES"
MIEL BATIDA X250 GR - GOTAS DE ORO,1 UNIDAD,"Miel de textura cremosa y fácil de untar, con el dulzor y aroma característicos de la miel. Ideal para tostadas, panqueques, infusiones y preparaciones dulces.",,https://drive.google.com/file/d/1LRarzkBLFD7TXqF2TWpCG31lCSLXufct/view,,2271,,✅ en precios,"DULCES, MIEL Y CHOCOLATES"
MIEL BATIDA X500 GR - GOTAS DE ORO,1 UNIDAD,"Miel de textura cremosa y fácil de untar, con el dulzor y aroma característicos de la miel. Ideal para tostadas, panqueques, infusiones y preparaciones dulces.",,https://drive.google.com/file/d/1jmjOu4jDU47SmP5kMbAMLHhyH588qGS_/view,,2171,,✅ en precios,"DULCES, MIEL Y CHOCOLATES"
MIEL DE ABEJA X1 KG  - MONTE NATURAL,1 UNIDAD,"Miel de sabor dulce y aroma natural, ideal para infusiones, tostadas y recetas. Su textura y perfil floral aportan un toque especial tanto a preparaciones simples como elaboradas.",,https://drive.google.com/file/d/1JKsD3XI9xhwpUuvuZRI5zMUyEeqBqd7X/view,,1406,,✅ en precios,"DULCES, MIEL Y CHOCOLATES"
MIEL DE ABEJA X250 GR - MONTE NATURAL,1 UNIDAD,"Miel de sabor dulce y aroma natural, ideal para infusiones, tostadas y recetas. Su textura y perfil floral aportan un toque especial tanto a preparaciones simples como elaboradas.",,https://drive.google.com/file/d/1vcqMzMskV0cok-aTNgkYaP_za2vdYYga/view,,1408,,✅ en precios,"DULCES, MIEL Y CHOCOLATES"
MIEL DE ABEJA X500 GR - MONTE NATURAL,1 UNIDAD,"Miel de sabor dulce y aroma natural, ideal para infusiones, tostadas y recetas. Su textura y perfil floral aportan un toque especial tanto a preparaciones simples como elaboradas.",,https://drive.google.com/file/d/1InBwP0KdXp-jGKcN5fnd9K5wvxGwvqUJ/view,,1410,,✅ en precios,"DULCES, MIEL Y CHOCOLATES"
MIEL X250 GR - TRES SOLES,1 UNIDAD,"Miel de sabor dulce y aroma natural, ideal para infusiones, tostadas y recetas. Su textura y perfil floral aportan un toque especial tanto a preparaciones simples como elaboradas.",,https://drive.google.com/file/d/1Um1nwc9gElNvLqgzIm889jCCBnZXQgow/view,,2287,,✅ en precios,"DULCES, MIEL Y CHOCOLATES"
MIEL X500 GR - TRES SOLES,1 UNIDAD,"Miel de sabor dulce y aroma natural, ideal para infusiones, tostadas y recetas. Su textura y perfil floral aportan un toque especial tanto a preparaciones simples como elaboradas.",,https://drive.google.com/file/d/11fQGPxc6AIN8faN3Lpv7e5lWpk6E77fw/view,,2286,,✅ en precios,"DULCES, MIEL Y CHOCOLATES"
NUECES CONFITADAS X100 GR,1 UNIDAD,"Nueces con cobertura dulce y textura crocante, ideales para disfrutar en porciones pequeñas. Combinan grasas insaturadas y proteína vegetal de la nuez con azúcares de la cobertura.",,https://drive.google.com/file/d/1rSGhdeWDuDc2BU8IGrxZtR8JbYMtjrD-/view,,1957,,✅ en precios,"DULCES, MIEL Y CHOCOLATES"
PASAS DE UVA CON CHOCOLATE,250G/500G/1KG,"Bocado dulce de textura crocante o tierna combinado con chocolate, ideal para disfrutar en porciones pequeñas. Aporta hidratos de carbono y grasas; la cantidad de cacao, azúcares y frutos secos depende de la receta.",,https://drive.google.com/file/d/1byVmob8jRHuJJnCMUfE_L38WemVUsJGc/view,si,2009,,✅ en precios,"DULCES, MIEL Y CHOCOLATES"
AJIES DULCES X 110 GR - DURANG,1 UNIDAD,"Ajíes de sabor suave y textura firme, ideales para picadas, ensaladas y sándwiches. Aportan fibra y compuestos vegetales; por su conservación pueden contener una cantidad considerable de sodio.",,https://drive.google.com/file/d/1Hh_VZ2mQ0b63SscIg2o80_RROEm8xZFV/view,,1082,,✅ en precios,ENCURTIDOS
AJIES PICANTES X 110 GR - DURANG,1 UNIDAD,"Ajíes de sabor picante y textura firme, ideales para sumar intensidad a picadas, salsas y comidas. Aportan compuestos vegetales como capsaicinoides; por su conservación también pueden contener sodio.",,https://drive.google.com/file/d/16EgW37ix5K7e9cAcJs4g-B6l0MwS3s6B/view,,1084,,✅ en precios,ENCURTIDOS
ALCAPARRAS X 100GR - ALCARAZ GOURMET,1 UNIDAD,"Alcaparras de sabor salado, ácido e intenso, ideales para salsas, pescados y ensaladas. Se usan en pequeñas cantidades y su conservación en salmuera hace que tengan un contenido elevado de sodio.",,https://drive.google.com/file/d/12kY3S9biElu2bu313qqt2eWDyQif3s38/view,,1100,,✅ en precios,ENCURTIDOS
BERENJENAS CONDIMENTADAS X200 GR - DURANG,1 UNIDAD,"Berenjenas condimentadas de textura tierna y sabor especiado, ideales para picadas y sándwiches. Aportan fibra; grasas y sodio dependen del aceite, la salmuera y los condimentos utilizados.",,https://drive.google.com/file/d/1vivsZ1XVLxnKOoE4npMrRJpz-VKziFom/view,,1150,,✅ en precios,ENCURTIDOS
CHUCRUT X600 GR - ALCARAZ GOURMET,1 UNIDAD,"Repollo fermentado de sabor ácido y textura crocante, ideal como guarnición o para sándwiches. Aporta fibra y productos de la fermentación; el sodio puede ser elevado según la elaboración.",,https://drive.google.com/file/d/1BLQaKI6BCeVw_78YR0DcVZBQUMm9HoVK/view,,1204,,✅ en precios,ENCURTIDOS
CORAZONES DE ALCAUCIL CONDIMENTADOS X330 GR - DURANG,1 UNIDAD,"Corazones de alcaucil de textura tierna y sabor delicado, ideales para picadas, ensaladas y pastas. Aportan fibra; el sodio y las grasas dependen del líquido de cobertura y los condimentos.",,https://drive.google.com/file/d/1HArqd4wBBDbVAY4JGqOylHRqlV5Di-LA/view,,1101,,✅ en precios,ENCURTIDOS
CORAZONES DE ALCAUCIL EN VINAGRE X300 GR - DURANG,1 UNIDAD,"Corazones de alcaucil de textura tierna y sabor delicado, ideales para picadas, ensaladas y pastas. Aportan fibra; el sodio y las grasas dependen del líquido de cobertura y los condimentos.",,https://drive.google.com/file/d/12iWmYR5tCjRa5eN67cw2k6eeW3AJPk_D/view,,1230,,✅ en precios,ENCURTIDOS
PEPINILLOS EN VINAGRE X200 GR - DURANG,1 UNIDAD,"Pepinos encurtidos de textura crocante y sabor ácido, ideales para sándwiches, ensaladas y picadas. Su aporte energético suele ser bajo, aunque pueden contener bastante sodio y, en versiones agridulces, azúcar.",,https://drive.google.com/file/d/1nEelTmFJZrjqSq7p0EwbED2HusfWFMnl/view,,1483,,✅ en precios,ENCURTIDOS
PEPINOS AGRIDULCES X200 GR - DURANG,1 UNIDAD,"Pepinos encurtidos de textura crocante y sabor ácido, ideales para sándwiches, ensaladas y picadas. Su aporte energético suele ser bajo, aunque pueden contener bastante sodio y, en versiones agridulces, azúcar.",,https://drive.google.com/file/d/1rbWPIrlmT8AXr8b8D_p3U6D4vzMWtX9m/view,,1486,,✅ en precios,ENCURTIDOS
PICKLES MIXTOS X200 GR - DURANG,1 UNIDAD,"Vegetales encurtidos de sabor ácido y textura variada, ideales para picadas y guarniciones. Aportan fibra; su contenido de sodio puede ser elevado por el método de conservación.",,https://drive.google.com/file/d/107SDn-Azkil7saO8rw2P0EiAUr0waCpP/view,,1501,,✅ en precios,ENCURTIDOS
PIMIENTOS ENTEROS X200 GR - DURANG,1 UNIDAD,"Vegetales encurtidos de sabor ácido y textura variada, ideales para picadas y guarniciones. Aportan fibra; su contenido de sodio puede ser elevado por el método de conservación.",,https://drive.google.com/file/d/1BhHbSJOybTW6hq41WT8IyXBoPsd2Bo5f/view,,1517,,✅ en precios,ENCURTIDOS
POROTOS CONDIMENTADOS X200 GR - DURANG,1 UNIDAD,"Porotos condimentados de textura cremosa, prácticos para picadas, ensaladas y guarniciones. Aportan proteína vegetal y fibra; el sodio y las grasas dependen de la preparación.",,https://drive.google.com/file/d/1Rx-J6sU7eIk04R6Pbgus1eLIXr1qXILw/view,,1530,,✅ en precios,ENCURTIDOS
ADOBO PARA PIZZA,100G/250G/1KG,"Mezcla de hierbas y especias pensada para aromatizar pizzas, salsas y panes. Aporta sabor con una porción pequeña; el contenido de sodio depende de si la mezcla incluye sal.",,https://drive.google.com/file/d/1Hpa-w2m8Vn_sBVxKa532gmJKiEyFaz3B/view,,1068,20,✅ en precios,ESPECIAS
AJI MOLIDO FINO,100G/250G/1KG,"Ají seco molido de picor moderado y aroma frutado, ideal para guisos, empanadas y salsas. Se utiliza en pequeñas cantidades y aporta compuestos aromáticos naturales del ají.",,https://drive.google.com/file/d/198MWrKl_mMZ6ML255667bHX9yqNLsuFk/view,,1079,,✅ en precios,ESPECIAS
AJO EN POLVO,100G/250G/1KG,"Ajo deshidratado y molido de sabor concentrado, práctico para adobos, salsas y vegetales. Permite condimentar con una cantidad pequeña y conserva compuestos naturales característicos del ajo.",,https://drive.google.com/file/d/16oa97VYpy0-t9tRPDhLj5dI78OX1A1YY/view,,1085,,✅ en precios,ESPECIAS
AJO GRANULADO,100G/250G/1KG,"Ajo deshidratado en gránulos, de sabor intenso y textura práctica para marinadas, panes y carnes. Se utiliza en pequeñas cantidades y aporta los compuestos aromáticos propios del ajo.",,https://drive.google.com/file/d/1i3FghkKESJrJw0LAOewl9xLoOI4Owp-a/view,,1088,,✅ en precios,ESPECIAS
ALBAHACA EN HOJAS,100G/250G/1KG,"Hierba aromática de notas frescas y levemente dulces, ideal para tomate, pastas y salsas. Se usa en pequeñas cantidades y aporta compuestos vegetales aromáticos.",,https://drive.google.com/file/d/1Y5V26NL92wMotUp_Jgag0SMOWwtKpu34/view,,1099,,✅ en precios,ESPECIAS
ANIS EN GRANO,100G/250G/1KG,"Semillas aromáticas de sabor dulce y anisado, útiles en panes, infusiones y repostería. Se emplean en pequeñas cantidades y aportan aceites esenciales naturales.",,https://drive.google.com/file/d/10Rj5SFRP2MBT2ivj_t8FM0I3xKYEw_G7/view,si,1123,,✅ en precios,ESPECIAS
ANIS ESTRELLADO,50G/250G/1KG,"Especia de aroma intenso y sabor dulce, ideal para infusiones, compotas y preparaciones especiadas. Sus vistosas estrellas también aportan una presentación atractiva en bebidas y recetas.",,https://drive.google.com/file/d/110BKpRZCGMZVqRQ1US6pEtFzah0Jqd00/view,si,1124,,✅ en precios,ESPECIAS
AZAFRAN ESPAÑOL X CAPSULA,1 UNIDAD,"Especia de aroma delicado y color intenso, ideal para arroces, salsas y guisos. Se utiliza en cantidades muy pequeñas, por lo que su aporte nutricional por porción es reducido.",,https://drive.google.com/file/d/1vpzc6luyyWsCPGbYK2HfZCld8GEq3Zvv/view,,1138,,✅ en precios,ESPECIAS
BICARBONATO  DE SODIO,250G/500G/1KG,"Ingrediente alcalino de uso culinario, útil como leudante o regulador de acidez en distintas preparaciones. Aporta sodio y se utiliza en cantidades pequeñas según la receta.",,https://drive.google.com/file/d/1gyE8yPEaayBGMFLEmP6B_ijIRyW9apiA/view,,2089,,✅ en precios,ESPECIAS
CALDO DE VERDURA SIN SAL X10 SOBRES - EL NATURALISTA,1 UNIDAD,"Condimento instantáneo para sopas, arroces y guisos, pensado para aportar sabor de manera práctica. Se disuelve fácilmente y ayuda a lograr preparaciones sabrosas en pocos minutos.",,https://drive.google.com/file/d/1fe-jcgCY2l67EOuLVo7R9c0KHwPzqzNV/view,,2154,,✅ en precios,ESPECIAS
CALDO DE VERDURAS CON SAL X 10 SOBRES - EL NATURALISTA,1 UNIDAD,"Condimento instantáneo para sopas, arroces y guisos, pensado para aportar sabor de manera práctica. Se disuelve fácilmente y ayuda a lograr preparaciones sabrosas en pocos minutos.",,https://drive.google.com/file/d/1QxuNARdPyT1S79YHx2z5FhnfhY3KC5qG/view,,2155,,✅ en precios,ESPECIAS
CANELA EN RAMA,50G/250G/1KG,"Especia de aroma cálido y sabor levemente dulce, ideal para infusiones, frutas y repostería. Se usa en pequeñas cantidades y aporta compuestos antioxidantes naturales.",,https://drive.google.com/file/d/1yLOgWp7aQmQ6Gfv4Zo-XRDknTZoLqrhi/view,si,1167,,✅ en precios,ESPECIAS
CANELA MOLIDA,100G/250G/1KG,"Especia de aroma cálido y sabor levemente dulce, ideal para infusiones, frutas y repostería. Se usa en pequeñas cantidades y aporta compuestos antioxidantes naturales.",,https://drive.google.com/file/d/1WXIYjf82ASvUYhrC3r924VmhPWNc9i3-/view,si,1168,,✅ en precios,ESPECIAS
CARDAMOMO,50G/250G/1KG,"Especia cítrica y aromática, ideal para infusiones, curries, panes y postres. Se utiliza en pequeñas cantidades y aporta aceites esenciales responsables de su aroma.",,https://drive.google.com/file/d/1gBK5oIsBtJbQv88srpZ6DZct7McJdEX7/view,si,1176,,✅ en precios,ESPECIAS
CEBOLLA EN ESCAMAS,100G/250G/1KG,"Cebolla deshidratada de sabor concentrado, práctica para sopas, salsas y adobos. Aporta pequeñas cantidades de fibra y compuestos vegetales; puede rehidratarse durante la cocción.",,https://drive.google.com/file/d/1vASYt2UrVhhl1AA7fXeWlWxGUz7_qosQ/view,,1182,,✅ en precios,ESPECIAS
CHIMICHURRI,100G/250G/1KG,"Mezcla de hierbas y especias ideal para marinadas, carnes y vegetales. Aporta sabor con poca cantidad; el contenido de sodio depende de si la preparación incluye sal.",,https://drive.google.com/file/d/1lqMuR5X-im_1fuC3d_k4-z-qmpWLDcBe/view,,1201,10,✅ en precios,ESPECIAS
CLAVO DE OLOR ENTERO,50G/250G/1KG,"Especia de aroma intenso, cálido y levemente picante, adecuada para infusiones, conservas y repostería. Se utiliza en cantidades pequeñas y aporta aceites esenciales naturales.",,https://drive.google.com/file/d/10AZzo5zHczh5mib2nk55TMhenrY2W-7G/view,si,1209,,✅ en precios,ESPECIAS
COMINO MOLIDO,100G/250G/1KG,"Especia de aroma terroso y sabor cálido, ideal para legumbres, guisos y carnes. Se emplea en pequeñas cantidades y aporta compuestos aromáticos naturales.",,https://drive.google.com/file/d/14ga-yNjWExhPg_zBqPYRP8U20XTaTPA6/view,,1214,,✅ en precios,ESPECIAS
CONDIMENTO PARA ARROZ,100G/250G/1KG,"Mezcla de especias diseñada para dar color, aroma y sabor a arroces, guisos y vegetales. Una forma simple de lograr preparaciones más intensas y apetitosas.",,https://drive.google.com/file/d/1mV89rz9BTpeWR_BspWModpBzXtGtq6VP/view,,1219,20,✅ en precios,ESPECIAS
CORIANDRO ENTERO,50G/250G/1KG,"Semilla aromática de notas cítricas y cálidas, ideal para curries, panes y marinadas. Se utiliza en pequeñas cantidades y aporta aceites esenciales naturales.",,https://drive.google.com/file/d/1Pg3wwOrxOD_xKjCQ_vZDSrEL-9NrBGoe/view,,1232,,✅ en precios,ESPECIAS
CORIANDRO MOLIDO,100G/250G/1KG,"Semilla aromática de notas cítricas y cálidas, ideal para curries, panes y marinadas. Se utiliza en pequeñas cantidades y aporta aceites esenciales naturales.",,https://drive.google.com/file/d/1jHmsqpsITj6S-274W6mPBujMciblzIsH/view,,1233,20,✅ en precios,ESPECIAS
CURCUMA MOLIDA,100G/250G/1KG,"Especia de color amarillo intenso y sabor terroso, ideal para arroces, curries, sopas y vegetales. Aporta curcuminoides naturales y un color vibrante que realza cada preparación.",,https://drive.google.com/file/d/1GPRzBVDuypLKSEti6GOGlVC9JwMRyT_s/view,,1236,,✅ en precios,ESPECIAS
CURRY,100G/250G/1KG,"Mezcla aromática de especias de perfil cálido, ideal para arroces, vegetales y salsas. Su composición y picor varían según la mezcla; se utiliza en pequeñas cantidades.",,https://drive.google.com/file/d/1jA1Da9nsYkxqb064qN-deDqSVofYK_sN/view,,1239,,✅ en precios,ESPECIAS
FINAS HIERBAS,100G/250G/1KG,"Mezcla de hierbas aromáticas de perfil suave, ideal para salsas, vegetales, huevos y carnes blancas. Aporta aroma con poca cantidad y su composición puede variar.",,https://drive.google.com/file/d/1juMC_2Ac-qnLQfZCOIBapMnxOREGzAk2/view,,1270,20,✅ en precios,ESPECIAS
GARAM MASALA,100G/250G/1KG,"Mezcla de especias cálidas y aromáticas, tradicional en curries, legumbres y vegetales. Se agrega generalmente al final de la cocción y su composición puede variar.",,https://drive.google.com/file/d/189k0ThQJ76B0JPfQSTyHcP7IjqCJrxPu/view,,2101,,✅ en precios,ESPECIAS
GELATINA SIN SABOR,100G/250G/1KG,"Gelificante neutro utilizado para dar estructura a postres, mousses y preparaciones saladas. Aporta principalmente proteínas derivadas del colágeno; la cantidad por porción depende de la receta.",,https://drive.google.com/file/d/1UQVEGcK8u84nFucxoQlFkI3gJjVppxfu/view,,1702,,✅ en precios,ESPECIAS
HONGOS SECOS DE PINO,100G/250G/1KG,"Hongos deshidratados de aroma intenso y sabor umami, ideales para risottos, salsas y guisos. Al hidratarlos recuperan una textura agradable y liberan todo su carácter en la cocción.",,https://drive.google.com/file/d/12GNbZT09bgyQDMhq775VmHtpqU8_9ued/view,,1314,,✅ en precios,ESPECIAS
JENGIBRE MOLIDO ,100G/250G/1KG,"Especia de sabor cítrico y picante, ideal para infusiones, curries y repostería. Se utiliza en pequeñas cantidades y aporta compuestos aromáticos naturales como los gingeroles.",,https://drive.google.com/file/d/1v1r7FzJRkSlfaUHaVJBqvOWLnvUImi5F/view,si,1320,,✅ en precios,ESPECIAS
JULIANA SIN PAPA,100G/250G/1KG,"Mezcla de vegetales deshidratados cortados en tiras, práctica para sopas, arroces y guisos. Aporta fibra y compuestos vegetales; el contenido de sodio depende de la formulación.",,https://drive.google.com/file/d/11NW2sPd4I0-ZMrrUlZ-2vl-VrrgavtUV/view,,1333,,✅ en precios,ESPECIAS
LAUREL EN HOJAS,50G/250G/1KG,"Hoja aromática de sabor profundo, ideal para guisos, salsas, legumbres y marinadas. Se utiliza durante la cocción y se retira antes de servir.",,https://drive.google.com/file/d/19bwGgV6YoezMrNPaHJmyQgY2jXW8cmER/view,,1350,,✅ en precios,ESPECIAS
LEVADURA DE CERVEZA NUTRICIONAL,250G/500G/1KG,"Levadura inactiva de sabor intenso y perfil umami, útil para espolvorear o enriquecer preparaciones. Aporta proteína, fibra y vitaminas del grupo B en cantidades que dependen del producto.",,https://drive.google.com/file/d/1F9LkUpAOH4Bv7o72qdHSlZcx08vO3f4O/view,,1360,,✅ en precios,ESPECIAS
MACA EN POLVO,250G/500G/1KG,"Raíz andina molida de sabor terroso y levemente dulce, práctica para licuados, yogures y repostería. Aporta hidratos de carbono, fibra y pequeñas cantidades de minerales.",,https://drive.google.com/file/d/1z6dH_ZbRJYvrqG5pUgHPU6wk-Jwz4J3B/view,,1363,,✅ en precios,ESPECIAS
MERKEN CHILENO,100G/250G/1KG,"Condimento ahumado y picante a base de ají, ideal para carnes, papas, sopas y vegetales. Se utiliza en pequeñas cantidades; el contenido de sal depende de la mezcla.",,https://drive.google.com/file/d/13q619N0FCitoK7u74RsfZuzIwbvrd-D0/view,,2308,,✅ en precios,ESPECIAS
MIX  4 PIMIENTAS,100G/250G/1KG,"El mix 4 pimientas combina distintas variedades como pimienta negra, blanca, verde y rosa. Ofrece un perfil aromático equilibrado, con notas picantes y levemente dulces. Es ideal para condimentar carnes, verduras y preparaciones gourmet.",,https://drive.google.com/file/d/1DVNqaSTba29hzHds0u5V_yPPvgetHbOP/view,,1418,,✅ en precios,ESPECIAS
MOSTAZA EN GRANOS,100G/250G/1KG,"Semillas de sabor picante y aroma característico, ideales para encurtidos, aderezos y marinadas. Aportan grasas, proteína vegetal y fibra, aunque se consumen en pequeñas cantidades.",,https://drive.google.com/file/d/12NL4LoDCzWXURU_f8oZYlHl4KxK3nRIv/view,,1436,,✅ en precios,ESPECIAS
NUEZ MOSCADA ENTERA,50G/250G/1KG,"Especia cálida y aromática, ideal para salsas blancas, purés, rellenos y repostería. Su sabor concentrado aporta profundidad con apenas un toque.",,https://drive.google.com/file/d/1cnsk6mLfHOJqVApd28MQT1AKNt0PRNOW/view,,1451,,✅ en precios,ESPECIAS
NUEZ MOSCADA MOLIDA,50G/250G/1KG,"Especia cálida y aromática, ideal para salsas blancas, purés, rellenos y repostería. Su sabor concentrado aporta profundidad con apenas un toque.",,https://drive.google.com/file/d/1eUcDhT0z9fB8vtXkXh15nPzu2iBvpF4W/view,,1452,20,✅ en precios,ESPECIAS
OREGANO,100G/250G/1KG,"Hierba aromática de sabor intenso, ideal para pizzas, salsas y vegetales. Se utiliza en pequeñas cantidades y aporta compuestos vegetales aromáticos.",,https://drive.google.com/file/d/1yMf1m6G2q8Frzabb5BW8NKtODUA8obGd/view,,1455,,✅ en precios,ESPECIAS
PEREJIL EN HOJAS,50G/250G/1KG,"Hierba de sabor fresco y suave, práctica para salsas, sopas y terminaciones. Aporta aroma y compuestos vegetales, aunque la porción habitual es pequeña.",,https://drive.google.com/file/d/1OeCEZFYqtxbq7SqE5DRfA2rSgTYv7CKG/view,,1489,,✅ en precios,ESPECIAS
PESTO,100G/250G/1KG,"Mezcla seca de hierbas y condimentos pensada para pastas, salsas y aderezos. Aporta un perfil aromático, fresco y sabroso de manera rápida y práctica.",,https://drive.google.com/file/d/1LJ1PlblZ5K8uEGN6YVmTJeQ0_-Osu_Xi/view,,1495,,✅ en precios,ESPECIAS
PIMENTON AHUMADO,100G/250G/1KG,"Pimentón de sabor dulce y ahumado, ideal para guisos, carnes y vegetales. Aporta color y compuestos naturales del pimiento con una porción pequeña.",,https://drive.google.com/file/d/1g4iUJlyTNJDMWuReSIz7Zj1rFsvzBQHT/view,,1502,,✅ en precios,ESPECIAS
PIMENTON DULCE,100G/250G/1KG,"Pimentón de sabor suave y color rojo intenso, ideal para guisos, arroces y salsas. Aporta compuestos naturales del pimiento y se utiliza en pequeñas cantidades.",,https://drive.google.com/file/d/1lt0m49r-BrAum_Getg5jMBEsT0qczVoB/view,,1505,,✅ en precios,ESPECIAS
PIMENTON PICANTE,100G/250G/1KG,"Pimentón de sabor intenso y picante, ideal para guisos, salsas, carnes y vegetales. Aporta un color vibrante y un toque especiado que realza las preparaciones.",,https://drive.google.com/file/d/1BN3SVwCyqDoexQPUthY_HdZHyE77FoKq/view,,1506,20,✅ en precios,ESPECIAS
PIMIENTA BLANCA EN GRANO,100G/250G/1KG,"Pimienta de aroma intenso y picor característico, útil para condimentar todo tipo de preparaciones. Se usa en pequeñas cantidades y aporta compuestos aromáticos como la piperina.",,https://drive.google.com/file/d/1T9Zn-xWhkudQKANj5snd4wP1DuH4YV6Z/view,,1508,,✅ en precios,ESPECIAS
PIMIENTA BLANCA MOLIDA,100G/250G/1KG,"Pimienta de aroma intenso y picor característico, útil para condimentar todo tipo de preparaciones. Se usa en pequeñas cantidades y aporta compuestos aromáticos como la piperina.",,https://drive.google.com/file/d/1wkGfk3jIyIrwEE48vXAgvrg1Il2WZ1Fx/view,,1510,,✅ en precios,ESPECIAS
PIMIENTA CAYENA MOLIDA,100G/250G/1KG,"Especia de picor marcado, ideal para salsas, guisos y marinadas. Aporta capsaicinoides naturales y se utiliza en cantidades pequeñas.",,https://drive.google.com/file/d/13TPC5vKbG93xfKC4XxPSvxTCn8sPwvuu/view,,1511,,✅ en precios,ESPECIAS
PIMIENTA JAMAICA,100G/250G/1KG,"Especia aromática con notas de canela, clavo y nuez moscada, ideal para marinadas y repostería. Se utiliza en pequeñas cantidades y aporta aceites esenciales naturales.",,https://drive.google.com/file/d/1vm7x-X4iHnuS-ozQIHFv3UdPvfKyqrsH/view,si,2264,,✅ en precios,ESPECIAS
PIMIENTA NEGRA EN GRANO,100G/250G/1KG,"Pimienta de aroma intenso y picor característico, útil para condimentar todo tipo de preparaciones. Se usa en pequeñas cantidades y aporta compuestos aromáticos como la piperina.",,https://drive.google.com/file/d/1tPjQrMloQfj3JjOhMasP_dlixSDPQjEJ/view,,1512,,✅ en precios,ESPECIAS
PIMIENTA NEGRA MOLIDA,100G/250G/1KG,"Pimienta de aroma intenso y picor característico, útil para condimentar todo tipo de preparaciones. Se usa en pequeñas cantidades y aporta compuestos aromáticos como la piperina.",,https://drive.google.com/file/d/1hi7X5XMAir413dFUdW75r2zVda2Gq8O8/view,,1513,,✅ en precios,ESPECIAS
POLEN,50G/250G/1KG,"Polen granulado de sabor floral y textura levemente crocante. Aporta hidratos de carbono, proteína y micronutrientes en cantidades variables; puede causar reacciones en personas alérgicas al polen o a productos de la colmena.",,https://drive.google.com/file/d/15qo5QHuXyx3W1HpLWMH386b5KY2zWX80/view,si,2092,,✅ en precios,ESPECIAS
PROVENZAL,100G/250G/1KG,"Mezcla de ajo y perejil, ideal para carnes, papas, vegetales y salsas. Aporta sabor con una porción pequeña; el sodio depende de si incluye sal.",,https://drive.google.com/file/d/17w5cGRIkWOcIpmnEdmKbSDOrHGxvfLGp/view,,1545,,✅ en precios,ESPECIAS
ROMERO EN HOJAS,100G/250G/1KG,"Hierba aromática de notas resinosas, ideal para papas, panes, carnes y aceites saborizados. Se utiliza en pequeñas cantidades y aporta compuestos vegetales aromáticos.",,https://drive.google.com/file/d/1vWdRDWMaE8T2WSpKKShPlQdpYaPO0cWU/view,si,1555,,✅ en precios,ESPECIAS
SAL DEL HIMALAYA FINA,250G/500G/1KG,"Sal mineral de sabor salado limpio, disponible en diferentes granulometrías para cocinar o terminar platos. Aporta principalmente sodio; los minerales traza se encuentran en cantidades pequeñas.",,https://drive.google.com/file/d/1U5PFIgWHbY67ysXa_lu9whBjqAT9YNRE/view,,1557,,✅ en precios,ESPECIAS
SAL DEL HIMALAYA GRUESA,250G/500G/1KG,"Sal mineral de sabor salado limpio, disponible en diferentes granulometrías para cocinar o terminar platos. Aporta principalmente sodio; los minerales traza se encuentran en cantidades pequeñas.",,https://drive.google.com/file/d/1vsKmt8U8fR6oF5KFcBFk_AxxLbc_ePAK/view,,1558,,✅ en precios,ESPECIAS
SAL DIETETICA NATURAL - EL NATURALISTA,1 UNIDAD,"Alternativa para condimentar y realzar el sabor de las comidas con un perfil mineral diferente al de la sal tradicional. Su composición puede incluir potasio u otros minerales; si seguís una pauta médica específica, elegila de acuerdo con esa indicación.",,https://drive.google.com/file/d/1jGh6JKevdvbZyEzGa5UspowL1qs-Gric/view,,2376,,✅ en precios,ESPECIAS
SAL MARINA FINA X500 GR - MACROZEN,1 UNIDAD,"Sal obtenida por evaporación de agua de mar, ideal para cocinar o terminar platos. Su sabor limpio y su textura realzan ingredientes dulces y salados.",,https://drive.google.com/file/d/1JW_l3VBVspy2lhVkPC9xuo1uDcrTRCEI/view,,1561,,✅ en precios,ESPECIAS
SAL MARINA GRUESA X500 GR - MACROZEN,1 UNIDAD,"Sal obtenida por evaporación de agua de mar, ideal para cocinar o terminar platos. Su sabor limpio y su textura realzan ingredientes dulces y salados.",,https://drive.google.com/file/d/13lLlZwl1jv7l5nCO7mFIrtPptQB-uJGa/view,,1562,,✅ en precios,ESPECIAS
TOMILLO,100G/250G/1KG,"Hierba aromática de perfil terroso y levemente cítrico, ideal para vegetales, carnes y salsas. Se utiliza en pequeñas cantidades y aporta compuestos aromáticos naturales.",,https://drive.google.com/file/d/1a0m5cEXMmOz7pkmjj4Gyw95hUopWYwxt/view,si,1633,,✅ en precios,ESPECIAS
ALMENDRA PARTIDA,250G/500G/1KG,"Almendras de sabor suave y textura crocante, prácticas para colaciones, granolas, repostería y ensaladas. Aportan grasas insaturadas, proteína vegetal, fibra, vitamina E y minerales como el magnesio.",,https://drive.google.com/file/d/1haZ64ESOumYBedGUI0AvxzAmGItSUbYz/view,si,4452,,❌ no está en precios,
ALMENDRAS NONPAREIL,250G/500G/1KG,"Almendras de sabor suave y textura crocante, prácticas para colaciones, granolas, repostería y ensaladas. Aportan grasas insaturadas, proteína vegetal, fibra, vitamina E y minerales como el magnesio.",,https://drive.google.com/file/d/16PznJURYBrA658AwGfRM2tXNLzkz196Y/view,si,1842,,✅ en precios,FRUTOS SECOS
AVELLANAS SIN CASCARA,250G/500G/1KG,"Avellanas de sabor delicado y textura crocante, ideales para colaciones, chocolates y repostería. Aportan grasas insaturadas, fibra, vitamina E y minerales como magnesio y cobre.",,https://drive.google.com/file/d/1aJSoUs-mQkVvjAII9QM7n73cIpDNFwmr/view,si,1134,,✅ en precios,FRUTOS SECOS
CASTAÑAS CAJU,250G/500G/1KG,"Fruto seco de textura crocante, ideal para colaciones, granolas y preparaciones. Aporta grasas insaturadas, proteína vegetal, fibra y minerales.",,https://drive.google.com/file/d/1Xoz8PXa0yjIg4WT0HIART70CGIFopFWP/view,si,1180,,✅ en precios,FRUTOS SECOS
MAIZ FRITO SALADO,250G/500G/1KG,"Maíz frito de textura muy crocante y sabor salado, pensado para picadas y colaciones. Un snack sabroso, rendidor y perfecto para compartir.",,https://drive.google.com/file/d/1w8K6DYN0lCj_gFSuXDq3dJ_uV1nPv9cf/view,si,1365,,✅ en precios,FRUTOS SECOS
MANI CON CASCARA X 1 KG,1 UNIDAD,"Maní de sabor tostado y textura crocante, práctico para colaciones y picadas. Aporta proteína vegetal, grasas mayormente insaturadas, fibra y minerales; sodio y aceites agregados dependen de la preparación.",,https://drive.google.com/file/d/11SXWudmCqa7TyAEUmhGj5wsAn-YIdBom/view,,1375,,✅ en precios,FRUTOS SECOS
MANI JAPONES,250G/500G/1KG,"Maní de sabor tostado y textura crocante, práctico para colaciones y picadas. Aporta proteína vegetal, grasas mayormente insaturadas, fibra y minerales; sodio y aceites agregados dependen de la preparación.",,https://drive.google.com/file/d/1FDunmm6i6iGRFgxhkqK2B2qQIfSVnSZg/view,si,1378,,✅ en precios,FRUTOS SECOS
MANI SABORIZADO,250G/500G/1KG,"Maní de sabor tostado y textura crocante, práctico para colaciones y picadas. Aporta proteína vegetal, grasas mayormente insaturadas, fibra y minerales; sodio y aceites agregados dependen de la preparación.",,https://drive.google.com/file/d/1QI0JfVC4Lyj9OaS3TMhuDQEx1ywEHv8M/view,si,1379,,✅ en precios,FRUTOS SECOS
MANI TOSTADO SALADO,250G/500G/1KG,"Maní de sabor tostado y textura crocante, práctico para colaciones y picadas. Aporta proteína vegetal, grasas mayormente insaturadas, fibra y minerales; sodio y aceites agregados dependen de la preparación.",,https://drive.google.com/file/d/1aEl6_09KtMcXJIFFqzh82v3nytZX3UfZ/view,si,1380,,✅ en precios,FRUTOS SECOS
MANI TOSTADO SIN SAL,250G/500G/1KG,"Maní de sabor tostado y textura crocante, práctico para colaciones y picadas. Aporta proteína vegetal, grasas mayormente insaturadas, fibra y minerales; sodio y aceites agregados dependen de la preparación.",,https://drive.google.com/file/d/1WjRKtTo5EirWVe7gwDKwjb6O93qfG_J6/view,si,1381,,✅ en precios,FRUTOS SECOS
MIX CERVECERO,250G/500G/1KG,"El mix cervecero es una combinación de snacks salados pensada para acompañar bebidas. Incluye maní salado, maíz frito y maní rebozado, logrando un equilibrio entre crocante y sabor intenso. Es ideal para picadas y momentos sociales.",,https://drive.google.com/file/d/1OCCwZkBFZdM5oEWywgt5TXQ1goqX7DwU/view,,1416,,✅ en precios,FRUTOS SECOS
MIX PATAGONICO,250G/500G/1KG,"Intenso y equilibrado: Nuez, Almendras, Castañas, Pasas
Morochas, Arándanos, Frutilla Glaseada y Coco En Escamas.",,https://drive.google.com/file/d/15FkU9Z-6lQxlQEVG2LpSA6SAIQ6JsNjA/view,,1426,,✅ en precios,FRUTOS SECOS
MIX SALADO,250G/500G/1KG,"Ideal para picadas: Maní, Pasas De Uva Rubia, Castañas De
Cajú, Almendras.",,https://drive.google.com/file/d/1eZQKbgdKDK9dmVT4r8IdA7CZyNIe_QLq/view,,1660,,✅ en precios,FRUTOS SECOS
MIX SIN PASAS PREMIUM,250G/500G/1KG,"Puro sabor, sin pasas: Nuez Mariposa Extra Light,
Almendras Nonpareil, Castañas y Maní Tostado.",,https://drive.google.com/file/d/1mxIbgm9P-xQtXref_PIV0oxiCeJH0WBC/view,,2228,,✅ en precios,FRUTOS SECOS
MIX TRADICIONAL,250G/500G/1KG,"Un clásico que nunca falla: Nueces, Almendras, Pasas
Rubias, Pasas Morochas y Maní.",,https://drive.google.com/file/d/1-roSiofiHxkMmDM-Bd_K_DBgWcXC8Ge0/view,,1429,,✅ en precios,FRUTOS SECOS
MIX TROPICAL,250G/500G/1KG,"Para los que buscan un toque exótico: Nuez, Almendras, Maní Tostado,
Castañas, Pasas Morochas y Rubias, Fruta Glaseada y Chips De Banana.",,https://drive.google.com/file/d/1GoCWwa9uCvBeTnZeY6KA0pYRGoSCytkb/view,,1430,,✅ en precios,FRUTOS SECOS
NUEZ CON CASCARA,250G/500G/1KG,"Nueces de sabor suave y textura crocante, ideales para colaciones, ensaladas y repostería. Aportan grasas poliinsaturadas, incluido omega 3 vegetal, además de fibra, proteína y minerales.",,https://drive.google.com/file/d/1CyU_LATUzon6ngDDu-XQ0RTSmr-E_1nj/view,,1446,,✅ en precios,FRUTOS SECOS
NUEZ CUARTILLO,250G/500G/1KG,"Nueces de sabor suave y textura crocante, ideales para colaciones, ensaladas y repostería. Aportan grasas poliinsaturadas, incluido omega 3 vegetal, además de fibra, proteína y minerales.",,https://drive.google.com/file/d/14S3MSYxxh2QTPkE9oteOswe1cHG7X6Dl/view,si,1441,,❌ no está en precios,
NUEZ CUARTOS,250G/500G/1KG,"Nueces de sabor suave y textura crocante, ideales para colaciones, ensaladas y repostería. Aportan grasas poliinsaturadas, incluido omega 3 vegetal, además de fibra, proteína y minerales.",,https://drive.google.com/file/d/1RyQfFCD3Rz7nBnh11Udnd-ziuNEtWWL-/view,si,1445,,✅ en precios,FRUTOS SECOS
NUEZ DE BRASIL,250G/500G/1KG,"Nueces de Brasil de textura cremosa y sabor suave, ideales para colaciones y mezclas. Aportan grasas insaturadas, proteína vegetal, fibra y selenio.",,https://drive.google.com/file/d/17a3w7qdy8D4B_Uqz2l__2mTjwdeG3his/view,si,4453,,✅ en precios,FRUTOS SECOS
NUEZ MARIPOSA EXTRA LIGHT,250G/500G/1KG,"Nueces de sabor suave y textura crocante, ideales para colaciones, ensaladas y repostería. Aportan grasas poliinsaturadas, incluido omega 3 vegetal, además de fibra, proteína y minerales.",,https://drive.google.com/file/d/167aPKGseonfAupfKO_SlZyXf4KgRZuGN/view,si,1716,,✅ en precios,FRUTOS SECOS
NUEZ MARIPOSA LIGHT,250G/500G/1KG,"Nueces de sabor suave y textura crocante, ideales para colaciones, ensaladas y repostería. Aportan grasas poliinsaturadas, incluido omega 3 vegetal, además de fibra, proteína y minerales.",,https://drive.google.com/file/d/1rjXARkriZMbrdSDNvJ7iOKfGBHxI-Pki/view,si,1450,,✅ en precios,FRUTOS SECOS
PISTACHOS CON CASCARA,250G/500G/1KG,"Pistachos de sabor delicado y textura crocante, prácticos para colaciones, picadas y repostería. Aportan grasas insaturadas, proteína vegetal, fibra, potasio y vitamina B6.",,https://drive.google.com/file/d/1NN9wZhH-cezQ5-KsuvBegMHA2zb-MY1p/view,,1522,,✅ en precios,FRUTOS SECOS
PISTACHOS NATURALES SIN CASCARA ,250G/500G/1KG,"Pistachos de sabor delicado y textura crocante, prácticos para colaciones, picadas y repostería. Aportan grasas insaturadas, proteína vegetal, fibra, potasio y vitamina B6.",,https://drive.google.com/file/d/1ao2TPp5bV6oht4e9lYmJGp2QLY5VMn9q/view,si,2369,,✅ en precios,FRUTOS SECOS
ARROZ INTEGRAL,250G/500G/1KG,"Arroz integral de sabor suave y textura firme, ideal para guarniciones, ensaladas y bowls. Conserva el salvado, por lo que aporta hidratos de carbono complejos, fibra, vitaminas del grupo B y minerales.",,https://drive.google.com/file/d/1D0a6R-nMl1uqcA7C-NRbVVYys29ljg5_/view,,1131,15,✅ en precios,GRANOS Y LEGUMBRES
ARROZ YAMANI,250G/500G/1KG,"Arroz integral de sabor suave y textura firme, ideal para guarniciones, ensaladas y bowls. Conserva el salvado, por lo que aporta hidratos de carbono complejos, fibra, vitaminas del grupo B y minerales.",,https://drive.google.com/file/d/1RiePI2Fs0zkEbnaZzjQuI19i3uJtcxQn/view,,1133,15,✅ en precios,GRANOS Y LEGUMBRES
CUSCUS,250G/500G/1KG,"Sémola de trigo precocida de cocción rápida y textura liviana, ideal para ensaladas y guarniciones. Aporta principalmente hidratos de carbono y algo de proteína; contiene gluten.",,https://drive.google.com/file/d/1sPguZghZaRYhB3z_t6QWeUhnHI7gXNMp/view,,1240,15,✅ en precios,GRANOS Y LEGUMBRES
GARBANZOS,250G/500G/1KG,"Legumbre de textura cremosa y sabor suave, ideal para hummus, guisos y ensaladas. Aporta proteína vegetal, hidratos de carbono complejos, fibra, hierro y folato.",,https://drive.google.com/file/d/1XKJbeUo9SjbACD4dtqJQmF4u5To__P37/view,,2335,15,✅ en precios,GRANOS Y LEGUMBRES
LENTEJAS,250G/500G/1KG,"Legumbre de sabor suave y textura firme, ideal para guisos, ensaladas y hamburguesas vegetales. Aporta proteína vegetal, fibra, hierro, folato e hidratos de carbono complejos.",,https://drive.google.com/file/d/1slNFYnthbX_QkulAuG9pmsMKgmUGQ2bz/view,,1359,15,✅ en precios,GRANOS Y LEGUMBRES
LENTEJAS TURCAS,250G/500G/1KG,"Lentejas rojas de cocción rápida y textura cremosa, ideales para sopas, purés y curries. Aportan proteína vegetal, fibra, hierro y folato.",,https://drive.google.com/file/d/1escUDrEOQkorLP0I549-_qqKqBoCIYTV/view,,1358,15,✅ en precios,GRANOS Y LEGUMBRES
MAIZ BLANCO PISADO PARTIDO,250G/500G/1KG,"Maíz blanco partido, ideal para guisos y preparaciones de cocción prolongada. Aporta principalmente hidratos de carbono, además de fibra y pequeñas cantidades de proteína vegetal.",,https://drive.google.com/file/d/1pE5WXu00PeFxhEhew2Is44kYfaqxQFNt/view,,1364,15,✅ en precios,GRANOS Y LEGUMBRES
MAIZ PSINGALLO,250G/500G/1KG,"Grano de maíz seleccionado para preparar pochoclos, de textura crocante una vez cocido. Aporta hidratos de carbono y fibra; el perfil final depende del aceite, la sal o el azúcar agregados.",,https://drive.google.com/file/d/1SUtjp1fEDZ2JDJH51o3eL4O0vGdUsF4l/view,,1366,15,✅ en precios,GRANOS Y LEGUMBRES
POROTOS ALUBIA,250G/500G/1KG,"Legumbre de textura cremosa y sabor suave, ideal para guisos, ensaladas y pastas vegetales. Aporta proteína vegetal, fibra, hidratos de carbono complejos, hierro y folato.",,https://drive.google.com/file/d/1I_F4e8zp0POt39Pd8VwSsuvbbykETqGh/view,,1525,15,✅ en precios,GRANOS Y LEGUMBRES
POROTOS COLORADOS,250G/500G/1KG,"Legumbre de textura cremosa y sabor suave, ideal para guisos, ensaladas y pastas vegetales. Aporta proteína vegetal, fibra, hidratos de carbono complejos, hierro y folato.",,https://drive.google.com/file/d/15OvvAj21joCbNLGkftgCNhSPaUNr220O/view,,1526,15,✅ en precios,GRANOS Y LEGUMBRES
POROTOS MANTECA,250G/500G/1KG,"Legumbre de textura cremosa y sabor suave, ideal para guisos, ensaladas y pastas vegetales. Aporta proteína vegetal, fibra, hidratos de carbono complejos, hierro y folato.",,https://drive.google.com/file/d/1DOaTcIHDAnzRceH8hNaiC__obEZ0FIpk/view,,1527,15,✅ en precios,GRANOS Y LEGUMBRES
POROTOS MUNG,250G/500G/1KG,"Legumbre de textura cremosa y sabor suave, ideal para guisos, ensaladas y pastas vegetales. Aporta proteína vegetal, fibra, hidratos de carbono complejos, hierro y folato.",,https://drive.google.com/file/d/1qQ9AnZelzZYUf4oa9RO8rqrWZ0l0a-Zu/view,,1528,15,✅ en precios,GRANOS Y LEGUMBRES
POROTOS NEGROS,250G/500G/1KG,"Legumbre de textura cremosa y sabor suave, ideal para guisos, ensaladas y pastas vegetales. Aporta proteína vegetal, fibra, hidratos de carbono complejos, hierro y folato.",,https://drive.google.com/file/d/1icVRyx_qdajfilS1zIseAyhcHp8l1J2N/view,,1529,15,✅ en precios,GRANOS Y LEGUMBRES
POROTOS PALLARES ,250G/500G/1KG,"Legumbre de textura cremosa y sabor suave, ideal para guisos, ensaladas y pastas vegetales. Aporta proteína vegetal, fibra, hidratos de carbono complejos, hierro y folato.",,https://drive.google.com/file/d/1A6IvTffQGWkXbA_df1BjG6PU1xfYzbtP/view,,1533,15,✅ en precios,GRANOS Y LEGUMBRES
TRIGO BURGOL,250G/500G/1KG,"Trigo partido y precocido de sabor suave, ideal para tabule, rellenos y guarniciones. Aporta hidratos de carbono complejos, fibra y proteína vegetal; contiene gluten.",,https://drive.google.com/file/d/1bcYWDQeqjGLrFWmRftGMapjTeuJ89R0m/view,,1634,15,✅ en precios,GRANOS Y LEGUMBRES
TRIGO CANDEAL,250G/500G/1KG,"Grano de trigo duro, ideal para sopas, guisos y preparaciones de textura firme. Aporta hidratos de carbono complejos, fibra y proteína vegetal; contiene gluten.",,https://drive.google.com/file/d/1k2lT_oL_YoF81ZC1gvn0mXfkcQurGcKF/view,,2379,15,✅ en precios,GRANOS Y LEGUMBRES
TRIGO SARRACENO PELADO,250G/500G/1KG,"Pseudocereal de sabor suave, ideal para guarniciones, ensaladas y preparaciones sin trigo. Aporta hidratos de carbono complejos, fibra, proteína vegetal y minerales como magnesio.",,https://drive.google.com/file/d/1mUfPE1S7xgGq18HrwJEpXdThK7MXlrnY/view,,2367,15,✅ en precios,GRANOS Y LEGUMBRES
ALMIDON DE MAIZ,250G/500G/1KG,"Almidón fino de maíz, útil para espesar salsas, dar ligereza a masas y preparar postres. Aporta principalmente hidratos de carbono y contiene muy poca fibra y proteína.",,https://drive.google.com/file/d/1-lmyboOmcA-wBKl-rgFLhLr_HUIjgD2a/view,,1113,,✅ en precios,HARINAS
FECULA DE MANDIOCA ,250G/500G/1KG,"Fécula de textura fina y neutra, ideal para chipá, panificados y mezclas sin gluten. Aporta principalmente hidratos de carbono y ayuda a dar elasticidad a las masas.",,https://drive.google.com/file/d/1Wah3NjiqyA-U8PlvyFd3LDYdIsFHdkbS/view,,1269,,✅ en precios,HARINAS
GERMEN DE TRIGO NATURAL,250G/500G/1KG,"Parte nutritiva del grano de trigo, de sabor suave y textura granulada, ideal para yogures y masas. Aporta proteína, fibra, vitamina E y vitaminas del grupo B; contiene gluten.",,https://drive.google.com/file/d/1oMEhZdsXYUDtcu9zYPz0DDc7lSkGBq68/view,,1281,,✅ en precios,HARINAS
GLUTEN DE TRIGO,250G/500G/1KG,"Proteína concentrada del trigo, utilizada para mejorar la elasticidad y estructura de panes o elaborar seitán. Aporta principalmente proteína y ayuda a conseguir masas más firmes y esponjosas. Contiene gluten.",,https://drive.google.com/file/d/1W6BzCdVlZbVdA-vLPnPwztzQX5wefh_w/view,,1282,,✅ en precios,HARINAS
HARINA DE ALGARROBA,250G/500G/1KG,"Harina de sabor dulce y tostado, ideal para repostería y bebidas como alternativa parcial al cacao. Aporta fibra, hidratos de carbono y minerales como calcio y potasio.",,https://drive.google.com/file/d/1jpPSXX6vdFBPGorCqfdhWOP1bZgoenub/view,,1291,,✅ en precios,HARINAS
HARINA DE ALMENDRAS CON PIEL,250G/500G/1KG,"Harina de textura húmeda y sabor suave, ideal para repostería y preparaciones con menor proporción de cereales. Aporta grasas insaturadas, proteína vegetal, fibra, vitamina E y magnesio.",,https://drive.google.com/file/d/100BCjY_hlY8jmGVsPSjfgTDFpA1KmRsQ/view,,2315,,✅ en precios,HARINAS
HARINA DE ALMENDRAS SIN PIEL,250G/500G/1KG,"Harina de textura húmeda y sabor suave, ideal para repostería y preparaciones con menor proporción de cereales. Aporta grasas insaturadas, proteína vegetal, fibra, vitamina E y magnesio.",,https://drive.google.com/file/d/1nIG8vVlVdpwVf3pmM1fRHMD7oZC5etah/view,,1293,,✅ en precios,HARINAS
HARINA DE ARROZ,250G/500G/1KG,"Harina de sabor neutro y textura fina, útil en rebozados, salsas y mezclas sin gluten. Aporta principalmente hidratos de carbono y combina bien con otras harinas para mejorar la textura.",,https://drive.google.com/file/d/1Gnmcuy25XM85NbHF3ptKDTIUUxvrb1kw/view,,1294,,✅ en precios,HARINAS
HARINA DE AVENA,250G/500G/1KG,"Harina de sabor suave, ideal para panqueques, galletas, panes y budines. Aporta hidratos de carbono complejos, fibra soluble y proteína vegetal, además de una textura agradable.",,https://drive.google.com/file/d/156HiZP8rl-2TTpAp6lBpGiIP_O1W6Xti/view,,1295,,✅ en precios,HARINAS
HARINA DE CHIA,250G/500G/1KG,"Semilla de chía molida, útil para enriquecer panes, licuados y preparaciones. Aporta fibra, grasas omega 3 de origen vegetal, proteína y minerales.",,https://drive.google.com/file/d/10m_L-7oc55O3wdP8gCKjcemmNCpamRFY/view,,1297,,✅ en precios,HARINAS
HARINA DE COCO,250G/500G/1KG,"Harina rica en fibra y de sabor suave a coco, ideal para repostería y preparaciones que absorben bastante líquido. Aporta fibra, algo de proteína y grasas, principalmente saturadas.",,https://drive.google.com/file/d/1TUeRvGC1e0qrr2t2lCyAAtGlaooCzRCf/view,,1298,,✅ en precios,HARINAS
HARINA DE GARBANZO,250G/500G/1KG,"Harina de legumbre de sabor característico, ideal para fainá, rebozados y masas saladas. Aporta proteína vegetal, fibra, hierro y folato.",,https://drive.google.com/file/d/1WE3hZUJpr9AAy8kbArE1T56acjz7Sq73/view,,1299,,✅ en precios,HARINAS
HARINA DE LINO,250G/500G/1KG,"Semilla de lino molida, útil para panes, licuados y como aglutinante en recetas. Aporta fibra, grasas omega 3 de origen vegetal y proteína.",,https://drive.google.com/file/d/1COqF5AUobH03trgKdvqXmZzs-WJlSNAZ/view,,1300,,✅ en precios,HARINAS
HARINA DE MAIZ BLANCO,250G/500G/1KG,"Harina de maíz de sabor suave, ideal para panes, tortillas y preparaciones tradicionales. Aporta principalmente hidratos de carbono, además de algo de fibra y proteína vegetal.",,https://drive.google.com/file/d/1MEHVUOUYtozuVNdJmR5U-uEs30vhe3FK/view,,1303,10,✅ en precios,HARINAS
HARINA DE SOJA DESGRASADA FINA,250G/500G/1KG,"Harina de soja desgrasada, útil para enriquecer panes, masas y preparaciones vegetales. Aporta una proporción alta de proteína vegetal y fibra; contiene soja.",,https://drive.google.com/file/d/1cPZxHhR5GxR50Gtfbum3cbEWTSeH3GTV/view,,1305,10,✅ en precios,HARINAS
HARINA DE TRIGO SARRACENO,250G/500G/1KG,"Harina de pseudocereal de sabor intenso, ideal para panqueques, panes y mezclas sin trigo. Aporta hidratos de carbono complejos, fibra, proteína vegetal y magnesio.",,https://drive.google.com/file/d/1HwPLGh5A4w3qY8QQ8oIB26nY6TFCWUY7/view,,2041,,✅ en precios,HARINAS
HARINA INTEGRAL FINA,250G/500G/1KG,"Harina de trigo que conserva el salvado y el germen, ideal para panes y masas de sabor más intenso. Aporta hidratos de carbono complejos, fibra, proteína y vitaminas del grupo B; contiene gluten.",,https://drive.google.com/file/d/1ZsaH95aMHYwlxty7pXQAr6PhDqVQwfvV/view,,1306,,✅ en precios,HARINAS
PANKO,250G/500G/1KG,"Pan rallado de escamas grandes y textura aireada, ideal para rebozados muy crocantes. Aporta principalmente hidratos de carbono; grasas y sodio dependen de la preparación final.",,https://drive.google.com/file/d/1-WEuzI3iwOy7xxSoPW9YCPAbQGl56JKO/view,,1670,,✅ en precios,HARINAS
SALVADO DE AVENA,250G/500G/1KG,"Capa externa de la avena, de sabor suave y alto contenido de fibra soluble. Es práctica para yogures, panes y preparaciones, y aporta además hidratos de carbono y proteína vegetal.",,https://drive.google.com/file/d/1gxl-jXMDRe0kmkcuWjjEXXrheLhg9U6B/view,,1576,,✅ en precios,HARINAS
SALVADO DE TRIGO GRUESO,250G/500G/1KG,"Capa externa del grano de trigo, de textura gruesa y alto contenido de fibra. Puede incorporarse a panes, yogures y cereales; contiene gluten.",,https://drive.google.com/file/d/1AbCG045CpwUu-BfOTuehR_qQwmN132vx/view,,1577,,✅ en precios,HARINAS
SEMOLIN DE TRIGO,100G/250G/1KG,"Sémola fina de trigo duro, ideal para pastas, ñoquis, panes y espolvoreado de superficies. Aporta hidratos de carbono y proteína vegetal; contiene gluten.",,https://drive.google.com/file/d/1UtsX5YjWXAu07-Ed6gveeJzohaxkneVS/view,,1588,,✅ en precios,HARINAS
TEXTURIZADO DE SOJA,250G/500G/1KG,"Soja texturizada deshidratada de sabor neutro, ideal como alternativa vegetal en salsas, rellenos y guisos. Aporta proteína vegetal y fibra; al hidratarla absorbe muy bien sabores y condimentos.",,https://drive.google.com/file/d/1D_fGjQywNcrZ896fGjFIfLXKj1JpPWF4/view,,1621,,✅ en precios,HARINAS
BLEND DE TE X30 GR,1 UNIDAD,"Mezcla de té, hierbas o flores de perfil aromático, pensada para preparar una infusión con sabor equilibrado. La composición y la presencia de cafeína dependen de los ingredientes de cada blend.",DIGESTIVO/CALMA FLORAL/NEGRO ESPECIADO/MATE Y COMPAÑIA ,https://drive.google.com/file/d/1M0zna1WUZv1KVDWEs5PM8REmla7auSxs/view,,2326,,✅ en precios,INFUSIONES Y HIERBAS
BOLDO,50G/250G/1KG,"Hojas de aroma marcado y sabor herbal levemente amargo, elegidas tradicionalmente para preparar infusiones después de las comidas. Se combinan muy bien con menta, cedrón o un toque de miel.",,https://drive.google.com/file/d/1J9BdkXR2a7LzKz2xazGBpa8jwTd5hmcV/view,si,1154,,✅ en precios,INFUSIONES Y HIERBAS
CAFE DE BRASIL X250 GR - BRUNO BROWN,1 UNIDAD,"Café tostado de aroma intenso y perfil definido, ideal para preparar filtrado, prensa o cafetera. Sus notas naturales y su carácter lo convierten en una experiencia reconfortante en cada taza.",,https://drive.google.com/file/d/1QzOmZOZMCe8-oQSux3esdW2rUYsmYUJV/view,,2381,,✅ en precios,INFUSIONES Y HIERBAS
CAFE DE COLOMBIA HUILA X250 GR - BRUNO BROWN,1 UNIDAD,"Café tostado de aroma intenso y perfil definido, ideal para preparar filtrado, prensa o cafetera. Sus notas naturales y su carácter lo convierten en una experiencia reconfortante en cada taza.",,https://drive.google.com/file/d/1pZKQtlqJXYZ7syTOljKVgB26j9YuqT9e/view,,2382,,✅ en precios,INFUSIONES Y HIERBAS
CAFE DESCAFEINADO EXOTICO COLOMBIA X250 GR - BRUNO BROWN,1 UNIDAD,Café tostado de aroma intenso con la mayor parte de su cafeína removida. Aporta compuestos aromáticos y antioxidantes naturales; puede conservar una pequeña cantidad de cafeína.,,https://drive.google.com/file/d/14NmT5lu7Pmu6NnSMimShf8P7fQxQyyko/view,,2383,,✅ en precios,INFUSIONES Y HIERBAS
CEDRON,50G/250G/1KG,"Hierba de aroma cítrico y sabor suave, ideal para una infusión sin cafeína. Aporta aceites esenciales naturales responsables de su perfil aromático.",,https://drive.google.com/file/d/1QKQS7jgOhi3PLUH8UYRvyok2QU4irBu5/view,si,2038,,✅ en precios,INFUSIONES Y HIERBAS
DIENTE DE LEON,100G/250G/1KG,"Hierba de sabor vegetal y levemente amargo, utilizada tradicionalmente en infusiones. Puede disfrutarse sola o combinada con otras hierbas para crear mezclas aromáticas y sin cafeína.",,https://drive.google.com/file/d/18mTEIVJnA2Y3UI9ddfAnlKVnhfGDRRMa/view,si,2072,,✅ en precios,INFUSIONES Y HIERBAS
EUCALIPTO EN HOJAS,50G/250G/1KG,"Hojas de aroma intenso y balsámico, ideales para preparar infusiones aromáticas o disfrutar su perfume herbal. Su carácter fresco combina muy bien con miel, limón y otras hierbas.",,https://drive.google.com/file/d/1GmbKN3qrdwvYX4nm-iTQEo-w7Sna7rka/view,si,2032,,✅ en precios,INFUSIONES Y HIERBAS
HIBISCUS FLOR,250G/500G/1KG,Flores secas para una infusión de color rojo intenso y sabor ácido y frutado. No contienen cafeína de forma natural y aportan pigmentos vegetales antioxidantes.,,https://drive.google.com/file/d/1uK3AI57jCBvklH2c21huCO0TzIbpimI5/view,si,1849,,✅ en precios,INFUSIONES Y HIERBAS
JAZMIN ,50G/250G/1KG,"Flores aromáticas de perfil dulce y floral, ideales para perfumar infusiones y blends. Se utilizan en pequeñas cantidades y no contienen cafeína de forma natural.",,https://drive.google.com/file/d/1cyd5j6QGyRJGy552x9i1AKdcPrlRR0sg/view,si,1654,,✅ en precios,INFUSIONES Y HIERBAS
JENGIBRE EN TROZOS ,50G/250G/1KG,"Raíz seca de sabor picante y cítrico, ideal para infusiones y mezclas con frutas o especias. Aporta calidez, aroma y un carácter vibrante tanto a bebidas como a recetas.",,https://drive.google.com/file/d/1T3Q_9avNLqzrcwpcGWYEk2a2sWOdiKik/view,si,1883,,✅ en precios,INFUSIONES Y HIERBAS
LAVANDA,50G/250G/1KG,"Flores aromáticas de perfil floral intenso, útiles en infusiones y preparaciones culinarias en pequeñas cantidades. No contienen cafeína de forma natural.",,https://drive.google.com/file/d/1ufgqaHCVmKoYPYmGon4qw6XcUSBFtltl/view,si,2037,,✅ en precios,INFUSIONES Y HIERBAS
MALVA,50G/250G/1KG,"Hierba de sabor suave y textura delicada, utilizada tradicionalmente para preparar infusiones sin cafeína. Su perfil sutil combina muy bien con manzanilla, miel o limón.",,https://drive.google.com/file/d/14hhKI92r9vxcgVBrJFKaACdBCTxUTiX6/view,si,2095,,✅ en precios,INFUSIONES Y HIERBAS
MANZANILLA FLOR,50G/250G/1KG,"Flores secas de aroma suave y sabor delicado, ideales para preparar una infusión sin cafeína. Su perfil floral invita a disfrutar una taza cálida y reconfortante en cualquier momento.",,https://drive.google.com/file/d/1QNLQBOe62lw2pV2iskuftZfquII0mtIf/view,si,1384,,❌ no está en precios,
MATCHA,50G/250G/1KG,"Té verde molido de sabor vegetal e intenso, que se consume suspendido en agua o en preparaciones. Contiene cafeína y compuestos antioxidantes naturales del té.",,https://drive.google.com/file/d/1psXN-OBFpdnXxHV4bIYHrg8_g25e2nqV/view,si,2179,,✅ en precios,INFUSIONES Y HIERBAS
MELISA,50G/250G/1KG,"Hierba de aroma cítrico y sabor delicado, ideal para preparar una infusión sin cafeína. Sus notas frescas y suaves combinan muy bien con miel, limón u otras hierbas.",,https://drive.google.com/file/d/1nuTwbjwEu0vILX-m9VGpZUjZNw6V_Sf6/view,si,2039,,✅ en precios,INFUSIONES Y HIERBAS
MENTA EN HOJAS,50G/250G/1KG,"Hojas aromáticas de sabor fresco y mentolado, ideales para infusiones frías o calientes. No contienen cafeína de forma natural y aportan aceites esenciales responsables de su aroma.",,https://drive.google.com/file/d/1uZHLq8tRexcfpeHaH2ZGoMsPROPdrJdl/view,si,2040,,✅ en precios,INFUSIONES Y HIERBAS
PEPERINA,50G/250G/1KG,"Hierba serrana de aroma mentolado y sabor fresco, ideal para infusiones o para combinar con yerba mate. No contiene cafeína de forma natural.",,https://drive.google.com/file/d/1xoWMSRmWYqBIHNsNvEsICmzaXqmoPcaP/view,si,2397,,✅ en precios,INFUSIONES Y HIERBAS
PETALOS DE ROSA,50G/250G/1KG,"Pétalos secos de aroma floral delicado, ideales para infusiones, blends y decoración culinaria. Se utilizan en pequeñas cantidades y no contienen cafeína de forma natural.",,https://drive.google.com/file/d/1PZdjoq9R8Tltw667G3MYuzrTBx5s3bSy/view,si,1789,,✅ en precios,INFUSIONES Y HIERBAS
ROOIBOS,50G/250G/1K,"Infusión de sabor suave y levemente dulce, naturalmente libre de cafeína. Aporta compuestos vegetales y puede tomarse sola o combinada con frutas y especias.",,https://drive.google.com/file/d/1aClyHjLCK67mahkBo4i1rRCyjPs_AG54/view,si,5024,,✅ en precios,INFUSIONES Y HIERBAS
ROSA MOSQUETA,50G/250G/1KG,"Fruto seco de sabor ácido y frutado, utilizado para preparar infusiones y blends. Aporta compuestos vegetales y vitamina C en cantidades que varían con el procesamiento y la preparación.",,https://drive.google.com/file/d/18OKK-WOOndNz7Sp84C1DEdlvgKkXkL43/view,si,2093,,✅ en precios,INFUSIONES Y HIERBAS
SALVIA OFICINAL,100G/250G/1KG,"Hoja aromática de sabor intenso, utilizada tanto en infusiones como en cocina. Aporta notas herbales profundas que combinan especialmente bien con vegetales, salsas y carnes.",,https://drive.google.com/file/d/1RBHeg34x3pVw-4zJ2hDS3NssPDfNWUR2/view,si,1578,,✅ en precios,INFUSIONES Y HIERBAS
SEN FOLICULOS,50G/250G/1KG,"Hierba de perfil intenso, utilizada tradicionalmente en infusiones puntuales. Su presentación en folículos permite dosificarla y prepararla de manera simple.",,https://drive.google.com/file/d/19T4_7nhaSN6JcAR447q1uvSRrtE5loBM/view,si,2036,,✅ en precios,INFUSIONES Y HIERBAS
TE DE BURRO,100G/250G/1KG,"Hierba aromática de sabor intenso, utilizada en infusiones tradicionales. Ofrece una taza herbal sin cafeína y combina muy bien con otras hierbas o un toque de miel.",,https://drive.google.com/file/d/1RiJGOAj0VKXh4r0dJ_fIwDkjP96BM_Gu/view,si,2035,,✅ en precios,INFUSIONES Y HIERBAS
TE NEGRO,100G/250G/1KG,"Té de sabor intenso y cuerpo marcado, ideal para tomar solo o con leche. Contiene cafeína y compuestos antioxidantes naturales; el aporte depende del tiempo de infusión.",,https://drive.google.com/file/d/1dGOBaewCvDdS7hQePJAAS1_3kdO8K0v-/view,si,1618,,✅ en precios,INFUSIONES Y HIERBAS
TE ROJO,100G/250G/1KG,"Té de perfil terroso y sabor profundo, ideal para beber solo o en blends. Contiene cafeína y compuestos naturales del té; la intensidad depende del tiempo de infusión.",,https://drive.google.com/file/d/12_ZoGdYCPG1kIPt7Oo0POqHTiytwW_gF/view,si,1619,,✅ en precios,INFUSIONES Y HIERBAS
TE VERDE,100G/250G/1KG,"Té de sabor vegetal y fresco, ideal para infusiones suaves. Aporta cafeína y compuestos antioxidantes naturales; preparado con agua caliente sin llegar a hervor conserva mejor su perfil delicado.",,https://drive.google.com/file/d/1l7WWaMGL6b7nDuwFaqv24_5PQrOKyDmY/view,si,2048,,✅ en precios,INFUSIONES Y HIERBAS
YERBA DEL PLATERO,100G/250G/1KG,"Hierba tradicional para infusión, de sabor vegetal y aroma característico. Puede disfrutarse sola o combinada con otras hierbas para crear una taza personal y aromática.",,https://drive.google.com/file/d/1lmaTBTwKRx4zmpoMnZZGy7w2-O7bR5rB/view,si,2033,,✅ en precios,INFUSIONES Y HIERBAS
YERBA MATE DESPALADA - KALENA,250G/500G/1KG,"Yerba mate despalada de sabor intenso y cuerpo marcado, pensada para preparar mate o tereré. Aporta cafeína y polifenoles naturales, con un perfil ideal para quienes buscan una experiencia bien yerbatera.",,https://drive.google.com/file/d/15EJULhDDOgD32LXhlB-NEZNFxiob_PfO/view,si,2043,,✅ en precios,INFUSIONES Y HIERBAS
CEREZAS AL MARRASCHINO X170 GR - AGROIANNI,1 UNIDAD,"Cerezas en almíbar de color intenso y sabor dulce, ideales para coctelería, helados y decoración de postres. Su brillo y presentación aportan un acabado atractivo a cada preparación.",,https://drive.google.com/file/d/11j2OvzMbXf8HlUc_LepoKfIJ2zhgrqpZ/view,,1188,,✅ en precios,LINEA GOURMET
CEREZAS AL MARRASCHINO X330 GR - AGROIANNI,1 UNIDAD,"Cerezas en almíbar de color intenso y sabor dulce, ideales para coctelería, helados y decoración de postres. Su brillo y presentación aportan un acabado atractivo a cada preparación.",,https://drive.google.com/file/d/1n-AmN8O6FFR4JPZ7DXpiOGF0SKi6uoZD/view,,1193,,✅ en precios,LINEA GOURMET
HIGOS EN ALMIBAR X450 GR - MUPAY,1 UNIDAD,"Higos enteros en almíbar, de textura tierna y sabor dulce, ideales para postres y tablas con queso. Aportan hidratos de carbono y fibra; el almíbar incrementa el contenido de azúcares.",,https://drive.google.com/file/d/1PQQftkdPVjy3Cjj_EcSJpyF1jUgeZOuf/view,,1309,,✅ en precios,LINEA GOURMET
HUMO NATURAL X250 ML - 1854,1 UNIDAD,"Saborizante líquido de aroma ahumado concentrado, ideal para carnes, vegetales, salsas y marinadas. Unas gotas alcanzan para aportar profundidad y un auténtico perfil ahumado.",,https://drive.google.com/file/d/1gtp5JtqUjuytfA2y0RkeRxLPoncp4skt/view,,1316,,✅ en precios,LINEA GOURMET
KIMCHI X360 GR - VERDE VIDA,1 UNIDAD,"Vegetales fermentados de sabor ácido, picante y profundo, ideales como guarnición o para sumar intensidad a bowls y arroces. Aportan fibra y productos de la fermentación; el sodio puede ser elevado.",,https://drive.google.com/file/d/1F0yBVzAq8L8rgbDntdUWvsq2KeXmJUtk/view,,2395,,✅ en precios,LINEA GOURMET
MAYONESA X270GR - MAYOV,1 UNIDAD,"Aderezo cremoso y de sabor suave, ideal para sándwiches, ensaladas y salsas. Aporta principalmente grasas; calorías, sodio y tipo de aceite dependen de la formulación.",ORIGINAL/ZANAHORIA/REMOLACHA,https://drive.google.com/file/d/1FfYsxhXlp0nmV4VQQRIPedQY33dWGz99/view,,2515,,✅ en precios,LINEA GOURMET
MOSTAZA CON MIEL ORGANICA X190 GR - ALCARAZ GOURMET,1 UNIDAD,"Aderezo agridulce que combina el picor suave de la mostaza con el dulzor de la miel. Es ideal para ensaladas, carnes y sándwiches; azúcares y sodio dependen de la receta.",,https://drive.google.com/file/d/1mCaphqI4L3gzN1mvaUEiSl73xnWkEub_/view,,2476,,✅ en precios,LINEA GOURMET
PASTA ACEITUNAS CONDIMENTADAS X200 GR - AGROIANNI,1 UNIDAD,"Pasta untable de aceitunas de sabor intenso, ideal para tostadas, picadas, sándwiches y salsas. Aporta grasas monoinsaturadas; el sodio y los aceites agregados dependen de la formulación.",MORRONES/ROQUEFORD,https://drive.google.com/file/d/1jOiziHD_BwjYP1CimsEZsR0NRp1oN2sD/view,,1462,,✅ en precios,LINEA GOURMET
PASTA ACEITUNAS NEGRAS X200 GR - AGROIANNI,1 UNIDAD,"Pasta untable de aceitunas de sabor intenso, ideal para tostadas, picadas, sándwiches y salsas. Aporta grasas monoinsaturadas; el sodio y los aceites agregados dependen de la formulación.",,https://drive.google.com/file/d/1buCE3EFB7RkTuMG-ASjK3Nxg3q75DiIM/view,,1463,,✅ en precios,LINEA GOURMET
PASTA ACEITUNAS VERDES X200 GR - AGROIANNI,1 UNIDAD,"Pasta untable de aceitunas de sabor intenso, ideal para tostadas, picadas, sándwiches y salsas. Aporta grasas monoinsaturadas; el sodio y los aceites agregados dependen de la formulación.",,https://drive.google.com/file/d/1rBrhMaOTZQDoRZ-mg8FcN1UNx6rqOFb2/view,,1464,,✅ en precios,LINEA GOURMET
PASTA DE AJI PICANTE X90 GR - ALCARAZ GOURMET,1 UNIDAD,"Pasta concentrada de ají de sabor picante, ideal para salsas, marinadas y comidas. Se utiliza en pequeñas cantidades; el sodio y la intensidad dependen de la formulación.",,https://drive.google.com/file/d/1ohqcAqI8AL-EC5LjkeUkqDhABoAQveGT/view,,1465,,✅ en precios,LINEA GOURMET
PASTA DE AJO X80 GR - ALCARAZ,1 UNIDAD,"Pasta de ajo de sabor concentrado, práctica para adobos, salsas y salteados. Se utiliza en pequeñas cantidades; el contenido de sodio y aceite depende de la formulación.",,https://drive.google.com/file/d/1mR-S81yA8VtpmULY72UFMOTw2Wddnyyg/view,,1468,,✅ en precios,LINEA GOURMET
SALSA AJI PICANTE X180 CC - ALCARAZ GOURMET,1 UNIDAD,"Salsa picante de sabor vegetal y ácido, ideal para tacos, sándwiches, carnes y vegetales. Se utiliza en pequeñas cantidades; el sodio y la intensidad dependen de la formulación.",,https://drive.google.com/file/d/16NM2mXxE9wmmviLwe2JRjvbOGM1Em8wZ/view,,1687,,✅ en precios,LINEA GOURMET
SALSA CESAR 250 GR - CASA DE LA TORRE,1 UNIDAD,"Aderezo cremoso de sabor intenso, pensado para ensaladas, sándwiches y vegetales. Su perfil sabroso y su textura envolvente transforman preparaciones simples en platos con mucho carácter.",,https://drive.google.com/file/d/1Pq0cJ-1LSi77WGA6LA0oqOj_yIBOcqdy/view,,1803,,✅ en precios,LINEA GOURMET
SALSA CHIMICHURRI  X250 GR - CASA DE LA TORRE,1 UNIDAD,"Salsa condimentada de hierbas, ajo y especias, ideal para carnes, panes y vegetales. El aporte de grasas y sodio depende del aceite y la sal utilizados.",,https://drive.google.com/file/d/1g7l76fCsTcA25IDMABNWD2haWKt-v9cS/view,,1566,,✅ en precios,LINEA GOURMET
SALSA DE SOJA X180 CC - ALCARAZ GOURMET,1 UNIDAD,"Salsa fermentada de sabor salado y umami, ideal para marinadas, arroces y salteados. Aporta profundidad, color y un toque oriental a carnes, vegetales y fideos.",,https://drive.google.com/file/d/1PAn7aEWgCX6yH7pqg9NMjr3VaqWWthZM/view,,1571,,❌ no está en precios,
SALSA INGLESA X180 CC - ALCARAZ GOURMET,1 UNIDAD,"Salsa líquida de sabor umami, ácido y especiado, ideal para marinadas, carnes y cócteles. Se utiliza en pequeñas cantidades y puede contener bastante sodio.",,https://drive.google.com/file/d/1MzTytsrBpb7g-pTnAQPzS9EvnSzmI_5k/view,,2502,,✅ en precios,LINEA GOURMET
SALSA JALAPEÑO ROJA X180 CC - ALCARAZ GOURMET,1 UNIDAD,"Salsa de sabor intenso pensada para acompañar, marinar o terminar distintas preparaciones. La composición, el sodio y los azúcares dependen de la receta indicada en la etiqueta.",,https://drive.google.com/file/d/1asGGwtSe0cqp2XNIqImcedqdrNWeXWpa/view,,1573,,✅ en precios,LINEA GOURMET
SALSA JALAPEÑO VERDE X180 CC - ALCARAZ GOURMET,1 UNIDAD,"Salsa de sabor intenso pensada para acompañar, marinar o terminar distintas preparaciones. La composición, el sodio y los azúcares dependen de la receta indicada en la etiqueta.",,https://drive.google.com/file/d/1q_Xb0TfIyGC8Fs3kssRQ3E8i4tnHKchE/view,,1683,,✅ en precios,LINEA GOURMET
SALSA SOJA X1 L - FUMEIGA,1 UNIDAD,"Salsa fermentada de sabor salado y umami, ideal para marinadas, arroces y salteados. Aporta profundidad, color y un toque oriental a carnes, vegetales y fideos.",,https://drive.google.com/file/d/1qQsHGWKKEjSAWNU7GUaTFoQHX5ykncDo/view,,1574,,✅ en precios,LINEA GOURMET
SALSA TAHINE - ALCARAZ GOURMET,1 UNIDAD,"Pasta cremosa de sésamo, ideal para hummus, aderezos y salsas. Aporta grasas insaturadas, proteína vegetal, calcio y otros minerales; la composición puede incluir sal u otros ingredientes.",,https://drive.google.com/file/d/1l1OFPfs_09cJw2hhDWFGtHMCHGDsFZIc/view,,2144,,✅ en precios,LINEA GOURMET
SALSA TERIYAKI X250 CC - HASHI,1 UNIDAD,"Salsa agridulce de perfil umami, ideal para glasear, marinar y saltear. Puede aportar azúcares y una cantidad importante de sodio, por lo que suele utilizarse en porciones pequeñas.",,https://drive.google.com/file/d/1WWLAbPz_UE6xIEQB4dSwtnaR-wwH-cMX/view,,1575,,✅ en precios,LINEA GOURMET
ZAPALLO EN ALMIBAR X360 GR - MUPAY,1 UNIDAD,"Zapallo en almíbar de textura firme y sabor dulce, ideal como postre o para acompañar quesos. Aporta hidratos de carbono y algo de fibra; el almíbar incrementa el contenido de azúcares.",,https://drive.google.com/file/d/1o94OU9WC3fRCpzE3YSs4BGzvAWi8Vd1H/view,,1656,,✅ en precios,LINEA GOURMET
MANTECA CLARIFICADA GHEE X370 GR - ENTRENUTS,1 UNIDAD,"Manteca clarificada de sabor suave y excelente estabilidad para cocinar, saltear o untar. Su textura y aroma aportan un acabado dorado y sabroso a recetas dulces y saladas.",,https://drive.google.com/file/d/1Z8F8Q8Aft9HCPjnD_sSqR3D0nIrKXuN9/view,,2269,,✅ en precios,MANTECAS Y PASTAS
MANTECA CLARIFICADA X150 GR - ENTRENUTS,1 UNIDAD,"Manteca clarificada de sabor suave y excelente estabilidad para cocinar, saltear o untar. Su textura y aroma aportan un acabado dorado y sabroso a recetas dulces y saladas.",,https://drive.google.com/file/d/1w8hR54csNhPAI36VqPAfezkZlZUI6VUH/view,,5021,,✅ en precios,MANTECAS Y PASTAS
MANTEQUILLA DE MANI PROTEICA X370 GR - ENTRENUTS,1 UNIDAD,"Pasta de maní de textura cremosa y sabor tostado, formulada con un aporte proteico adicional. Aporta grasas mayormente insaturadas, proteína vegetal y fibra, ideal para desayunos y colaciones.",COOKIE AND CREAM/SALTED CARAMEL,https://drive.google.com/file/d/16hkt3PrjxI_ptuIy9o8XXnKJZdeYn_bc/view,,5012,,✅ en precios,MANTECAS Y PASTAS
MANTEQUILLA DE MANI X 370 GR - ENTRENUTS,1 UNIDAD,"Pasta de maní de textura cremosa y sabor tostado, ideal para tostadas, frutas, licuados y repostería. Aporta proteína vegetal, grasas mayormente insaturadas, fibra, magnesio y vitamina E.",,https://drive.google.com/file/d/1qZh_OzE6KEBPY-1IeONmJnUF5PksSrSg/view,,1383,,✅ en precios,MANTECAS Y PASTAS
ACEITERO SPRAY X 100 ML,1 UNIDAD,"Rociador reutilizable diseñado para distribuir aceite de manera fina y uniforme. Facilita controlar la cantidad utilizada al cocinar, condimentar o preparar moldes.",,https://drive.google.com/file/d/14hUmwVfVltOyHhOTEDnkOnzCx3muWmZK/view,,2501,,❌ no está en precios,
ACEITERO SPRAY X 200 ML,1 UNIDAD,"Rociador reutilizable diseñado para distribuir aceite de manera fina y uniforme. Facilita controlar la cantidad utilizada al cocinar, condimentar o preparar moldes.",,https://drive.google.com/file/d/1BmbRO-PstyqdU8C4MgNANoGIWNgEzw5Q/view,,2006,,❌ no está en precios,
ACONDICIONADOR DE ROMERO Y ALOE VERA X300 CC - EL AMAUTA,1 UNIDAD,"Acondicionador para el cuidado diario del cabello, formulado con ingredientes de origen vegetal. Aplicar de medios a puntas y enjuagar; la composición completa figura en la etiqueta.",,https://drive.google.com/file/d/1XdSD5CeEunJ6fWqkyQyqFcORF4qwBhV8/view,,5006,,✅ en precios,PALADEAR HOME
ACONDICIONADOR SOLIDO,1 UNIDAD,"Acondicionador sólido para el cuidado del cabello, práctico y sin envase plástico convencional. Humedecer, aplicar de medios a puntas y enjuagar según las indicaciones.",,https://drive.google.com/file/d/19yRqPJjRJ0peqW3ZD4sfNtNbpadmOxZp/view,,5026,,✅ en precios,PALADEAR HOME
BOMBITA DEFUMACION X4 UNIDADES - SAGRADA MADRE,1 UNIDAD,"Bombitas aromáticas para sahumar ambientes, presentadas en unidades listas para encender. Utilizar sobre una superficie resistente al calor, con buena ventilación y lejos de niños, mascotas y materiales inflamables.",7 ELEMENTOS PUROS/ABRE CAMINOS/ARMONIZACION/ATRAE DINERO/LIBERACION/PALO SANT,https://drive.google.com/file/d/1Gcm4-suIzUpWttZ1G2w5nWgLppeLzbhp/view,,2328,,✅ en precios,PALADEAR HOME
BOX 1 ,1 UNIDAD,"Selección de productos presentada en un formato listo para regalar. Una propuesta práctica y cuidada para sorprender, compartir o disfrutar una experiencia Paladear.",,https://drive.google.com/file/d/19L10Xn1d1-HVnGsrzOPxfvrAl3iQp3GI/view,,4800,,❌ no está en precios,
BOX 2,1 UNIDAD,"Selección de productos presentada en un formato listo para regalar. Una propuesta práctica y cuidada para sorprender, compartir o disfrutar una experiencia Paladear.",,https://drive.google.com/file/d/13YAEf-xRatYypkXwerKhEz6_xm_j04ng/view,,4801,,❌ no está en precios,
CEPILLO DENTAL SRISRI,1 UNIDAD,"Cepillo dental para la higiene diaria, diseñado para acompañar la limpieza de dientes y encías. Cambiarlo cuando las cerdas se deformen o aproximadamente cada tres meses.",ADULTO CERDAS SUAVE / NIÑOS,https://drive.google.com/file/d/1lZd0NB7FBnG-iK6Jt0oga_aILiGa8ix4/view,,4458,,✅ en precios,PALADEAR HOME
CUENCOS DE CERÁMICA,1 UNIDAD,"Cuenco de cerámica para servir alimentos, snacks o ingredientes. Su terminación artesanal puede presentar leves variaciones de forma y color.",,https://drive.google.com/file/d/1NeMXN7FcJ6WEo-DXvDs6Vf_nI4kL2WJf/view,,2292,,✅ en precios,PALADEAR HOME
DELANTAL JEAN,1 UNIDAD,Delantal resistente y funcional para proteger la ropa durante la cocina o tareas cotidianas. Su material ofrece una combinación de comodidad y durabilidad.,,https://drive.google.com/file/d/1t-VCeyq9cwZqtv5br5_gUUqyS1A_FTYU/view,,2126,,✅ en precios,PALADEAR HOME
DELANTAL LINO ,1 UNIDAD,Delantal resistente y funcional para proteger la ropa durante la cocina o tareas cotidianas. Su material ofrece una combinación de comodidad y durabilidad.,,https://drive.google.com/file/d/1Is57ZjqA00Snc2m4IkC1kD7_lgKiDi5N/view,,1003,,✅ en precios,PALADEAR HOME
DESODORANTE NATURAL - EL AMAUTA,1 UNIDAD,Desodorante de uso corporal formulado con ingredientes de origen natural. Su presentación práctica acompaña la rutina diaria con una sensación fresca y agradable.,,https://drive.google.com/file/d/1zPOVL2bYGytFTcAWGypf8AV3GOzLWyrf/view,,5009,,✅ en precios,PALADEAR HOME
DIFUSOR X125 ML - ILUMINARTE,1 UNIDAD,Difusor aromático para perfumar ambientes de forma gradual mediante varillas. Girarlas periódicamente para intensificar el aroma y mantener el líquido lejos del calor y de superficies delicadas.,ANGEL BABY/CONY/DULCE VAINILLA/GRANADA MEDITERRANEA/LAVANDAS DEL VALLE/PAPAYA TROPICAL/TUTTI FRUTTI,https://drive.google.com/file/d/1ANlC6yXRw7ddgx12pKu7OBeNdAmYnZTk/view,,2400,,✅ en precios,PALADEAR HOME
FRASCO VIDRIO,1 UNIDAD,Frasco de vidrio reutilizable para almacenar alimentos secos y organizar la cocina. Su diseño transparente permite ver el contenido y aporta una presentación limpia y ordenada.,,https://drive.google.com/file/d/1PEr5eayvQXE0NmffpTliUQoAs0frtoby/view,,5014,,✅ en precios,PALADEAR HOME
INFUSOR PINZA ,1 UNIDAD,"Infusor tipo pinza, práctico para preparar té en hebras y mezclas de hierbas directamente en la taza. Su formato facilita cargar, infusionar y retirar las hebras con comodidad.",,https://drive.google.com/file/d/1z1OR-Z16132CoriSf5fzIAiB8AsVEGxn/view,,2012,,✅ en precios,PALADEAR HOME
JABON DE JARILLA Y GLICERINA - EL AMAUTA,1 UNIDAD,"Jabón sólido elaborado con una base de glicerina e ingredientes vegetales. Limpia de manera agradable y deja una sensación suave, con el carácter herbal de la jarilla.",,https://drive.google.com/file/d/1LvCRjMEohdckGHCArWRV1W0wFWnIF7yf/view,,5008,,✅ en precios,PALADEAR HOME
JABON LIQUIDO DE ROSA MOSQUETA - EL AMAUTA,1 UNIDAD,Jabón líquido formulado con ingredientes de origen vegetal y rosa mosqueta. Su textura agradable acompaña la limpieza cotidiana de manos y cuerpo.,,https://drive.google.com/file/d/1JoSnbx5YWD_s2u1fhkF641m7GwYjWM-c/view,,5007,,✅ en precios,PALADEAR HOME
MANTELITOS ARTESANALES ,1 UNIDAD,Mantel individual artesanal pensado para proteger y decorar la mesa. Las piezas pueden presentar pequeñas variaciones propias de su elaboración.,,https://drive.google.com/file/d/1ZLmUTVng-qZrie2Klso2rEPqKML5Q2nW/view,,2307,,✅ en precios,PALADEAR HOME
MOLINILLO CAFE DE CERAMICA ,1 UNIDAD,Molinillo manual para moler café al momento y conservar mejor su aroma. Permite ajustar la molienda según el método de preparación.,,https://drive.google.com/file/d/1HHW46xXPrD8HlUNKo-JCHVxFCFIXfDN4/view,,2011,,✅ en precios,PALADEAR HOME
MOLINILLO DE ACERO INOXIDABLE,1 UNIDAD,Molinillo de acero inoxidable para triturar especias o granos de manera práctica. Limpiar y secar bien después de cada uso para conservar el mecanismo.,,https://drive.google.com/file/d/1C8e0e0MOdDdomlwYOziw9x67D2Om3VYg/view,,2250,,✅ en precios,PALADEAR HOME
PALO SANTO X30 GR,1 UNIDAD,"Madera aromática utilizada para sahumar ambientes. Encender brevemente, apagar la llama y dejar que el humo se disperse con ventilación, siempre sobre una base resistente al calor.",,https://drive.google.com/file/d/1pXYuQHe6z_LUN5zlZmJi5T4B43GJeyBr/view,,2421,,✅ en precios,PALADEAR HOME
PASTA DENTAL X 100 - SRISRI,1 UNIDAD,Pasta dental pensada para acompañar la higiene bucal diaria. Su formato práctico se integra fácilmente al cepillado cotidiano y deja una agradable sensación de limpieza.,CUIDADO TOTAL (VERDE)/ULTRA BLANQUEADOR (NARANJA)/ENCIAS SANAS (VIOLETA),https://drive.google.com/file/d/1G-VYtQOioWEmhV_4J9XhfHU2ifbGLGfK/view,,4457,,✅ en precios,PALADEAR HOME
PRENSA FRANCESA 600ml,1 UNIDAD,Cafetera de émbolo para preparar café o infusiones por inmersión. Permite controlar el tiempo de extracción y separar el líquido sin filtros descartables.,,https://drive.google.com/file/d/11YbLSP30Pjx-AjkuyeKudrhDS42PTnqw/view,,2496,,✅ en precios,PALADEAR HOME
SAHUMEADOR CHICO CEMENTO,1 UNIDAD,"Recipiente diseñado para quemar sahumerios o elementos aromáticos de forma contenida. Colocarlo sobre una superficie estable y resistente al calor, lejos de materiales inflamables.",,https://drive.google.com/file/d/1no_fcO4GbwJjtlDQvXrdUgIuDK0n6xg5/view,,2071,,✅ en precios,PALADEAR HOME
SAHUMEADOR GRANDE COLOR,1 UNIDAD,"Recipiente diseñado para quemar sahumerios o elementos aromáticos de forma contenida. Colocarlo sobre una superficie estable y resistente al calor, lejos de materiales inflamables.",,https://drive.google.com/file/d/1ev3_yitBfY5BWmRO905-ZZRUuWTzahSa/view,,2070,,✅ en precios,PALADEAR HOME
SAHUMERIO MOMENTOS X5 - AROMANZA,1 UNIDAD,"Producto aromático para sahumar y perfumar ambientes. Utilizar con ventilación, sobre una base resistente al calor y lejos de niños, mascotas y materiales inflamables.",ABUNDANCIA/BIENESTAR/DULZURA/FELICIDAD/MEDITACION/PASION/PAZ Y AMOR,https://drive.google.com/file/d/1PXoT88M5RRU9xj_Kf2-gYBecsfPw7DyY/view,,2065,,✅ en precios,PALADEAR HOME
SAHUMERIO TIBETANO X8 - AROMANZA,1 UNIDAD,"Producto aromático para sahumar y perfumar ambientes. Utilizar con ventilación, sobre una base resistente al calor y lejos de niños, mascotas y materiales inflamables.",BERRY KISS/CANELA MISTICA/FRUTOS ROJOS/MANZANA CANELA/NARANJA PIMIENTA/VIOLETAS DE PERSIA/WANAMA COCO,https://drive.google.com/file/d/1EpFFWpbrBv_qfhYT3RdVFCgpjOq_EVMa/view,,2066,,✅ en precios,PALADEAR HOME
SAHUMERIOS CON PORTASAHUMERIO - AROMANZA,1 UNIDAD,"Producto aromático para sahumar y perfumar ambientes. Utilizar con ventilación, sobre una base resistente al calor y lejos de niños, mascotas y materiales inflamables.",,https://drive.google.com/file/d/1lGK7JxIK2gLYlBqHMPo5lx-PeNZQvHN8/view,,2329,,✅ en precios,PALADEAR HOME
SAHUMO DE LIMPIEZA ENERGENTICA - SAGRADA MADRE,1 UNIDAD,"Producto aromático para sahumar y perfumar ambientes. Utilizar con ventilación, sobre una base resistente al calor y lejos de niños, mascotas y materiales inflamables.",,https://drive.google.com/file/d/1rHWYRHmjrRZe7nrMGDC7PCBOKSfGhGpa/view,,2064,,✅ en precios,PALADEAR HOME
SALERO - PIMENTERO,1 UNIDAD,Juego de recipientes para servir y conservar sal y pimienta de forma práctica. Su diseño organiza la mesa y permite tener los condimentos siempre a mano.,,https://drive.google.com/file/d/1MOM_LD8-OePvQJER2T9KlfBym8pGYUZx/view,,2419,,✅ en precios,PALADEAR HOME
SHAMPOO DE ROMERO Y ALOE VERA X300 CC - EL AMAUTA,1 UNIDAD,"Shampoo líquido formulado con romero, aloe vera e ingredientes de origen vegetal. Limpia el cabello y deja una sensación fresca, suave y agradable.",,https://drive.google.com/file/d/1rprbHGL6Ltlrs5d8QBDiDxYJrSuNxuuU/view,,5005,,✅ en precios,PALADEAR HOME
SHAMPOO SOLIDO,1 UNIDAD,"Shampoo sólido de uso capilar, práctico y de bajo volumen de envase. Frotar sobre el cabello húmedo o entre las manos, masajear y enjuagar.",,https://drive.google.com/file/d/1YYOo7zYMfBt93n6lZ7QfYvd7JQgwNt6t/view,,5025,,✅ en precios,PALADEAR HOME
TETERA CUADRADA 550 ML,1 UNIDAD,"Tetera diseñada para preparar y servir infusiones con comodidad. Su formato combina funcionalidad y presencia, ideal para disfrutar y compartir una buena taza.",,https://drive.google.com/file/d/1VOYdFtR53oPiO1To_c0c_KtGlmdamWZM/view,,2457,,✅ en precios,PALADEAR HOME
TETERA CUADRADA 950 ML,1 UNIDAD,"Tetera diseñada para preparar y servir infusiones con comodidad. Su formato combina funcionalidad y presencia, ideal para disfrutar y compartir una buena taza.",,https://drive.google.com/file/d/1JdKKXZoAGPZ0rIDLpOc2G9sfs7nAUUIX/view,,2458,,✅ en precios,PALADEAR HOME
VELA EN LATA MANDALA CHICA,1 UNIDAD,"Vela decorativa y aromática pensada para ambientar espacios con calidez y estilo. Encender sobre una superficie estable y resistente al calor, siempre bajo supervisión.",,https://drive.google.com/file/d/1dOVl95_PeEs-gJVdf28DGysIz4uxS7sq/view,,2516,,❌ no está en precios,
VELON BURBUJA,1 UNIDAD,"Vela decorativa y aromática pensada para ambientar espacios con calidez y estilo. Encender sobre una superficie estable y resistente al calor, siempre bajo supervisión.",,https://drive.google.com/file/d/1xqgExzcORnGWtGy1IewNZMeLYgZCUsS3/view,,2405,,✅ en precios,PALADEAR HOME
ARANDANOS CONGELADOS X1 KG,1 UNIDAD,"Arándanos congelados de sabor agridulce, prácticos para licuados, yogures y repostería. Aportan fibra, vitamina C y pigmentos antioxidantes naturales.",,https://drive.google.com/file/d/1e8Ghja1stntwUOQlf0XnmXrD3JPb4Kmb/view,,1126,,✅ en precios,PRODUCTOS CONGELADOS
CALDO DE HUESO - MEDICINA ANCESTRAL,1 UNIDAD,"Caldo concentrado de cocción prolongada, de sabor profundo y textura que puede gelificar en frío. Puede aportar proteínas y minerales en cantidades variables; el sodio depende de la receta.",,https://drive.google.com/file/d/1_a6h0Z2Y7HjndJ8aJ9-Yq9lu_mk1MPCI/view,,2278,,✅ en precios,PRODUCTOS CONGELADOS
CHIPA X480 GR - AFG,1 UNIDAD,"Panificado de textura tierna y elástica, pensado para hornear y servir caliente. Aporta principalmente hidratos de carbono y grasas; puede contener lácteos y huevo según la formulación.",,https://drive.google.com/file/d/1WzxWKPwQ4sDgXNvX1seiuDy3UJyUaVEc/view,,2517,,✅ en precios,PRODUCTOS CONGELADOS
FRAMBUESAS CONGELADAS X1 KG,1 UNIDAD,"Frambuesas congeladas de sabor ácido y aroma intenso, ideales para licuados, postres y salsas. Aportan fibra, vitamina C y pigmentos antioxidantes naturales.",,https://drive.google.com/file/d/1PBBIHI6f7ZLYv9ECmE_z5Sq92vhxLAZ8/view,,2470,,✅ en precios,PRODUCTOS CONGELADOS
MANGO EN TROZOS CONGELADOS  X 1 KG,1 UNIDAD,"Mango congelado en trozos, de sabor dulce y textura jugosa, ideal para licuados, postres y bowls. Aporta hidratos de carbono, fibra, vitamina C y carotenoides.",,https://drive.google.com/file/d/1qof6j0ykChEMsYce_dFZTB8LJ2T2scHL/view,,2317,,✅ en precios,PRODUCTOS CONGELADOS
MARACUYA CONGELADO X 1 KG,1 UNIDAD,"Pulpa de maracuyá congelada de sabor ácido y aroma tropical, ideal para jugos, postres y salsas. Aporta fibra, vitamina C y compuestos vegetales en cantidades variables.",,https://drive.google.com/file/d/16n7gYPIiVqSYmwGGWXO3XQgVCTgQMYOj/view,,2186,,✅ en precios,PRODUCTOS CONGELADOS
MEDALLONES VEGETARIANOS - KISLEV,1 UNIDAD,"Medallones vegetales prácticos para cocinar a la plancha, al horno o en sartén. Una opción sabrosa y versátil para resolver almuerzos y cenas, ideal con ensaladas, panes o vegetales.",Soja y provenzal / Garbanzo / Lenteja y zanahoria / Humita / Soja y espinaca / Arveja y cebolla,https://drive.google.com/file/d/1B7D1V2lysBs1bZh4OfB5qDTlTFGdmwNg/view,,2057,,✅ en precios,PRODUCTOS CONGELADOS
MIX FRUTOS ROJOS CONGELADOS X 1 KG,1 UNIDAD,"Mix de Frutillas, Arandanos y Moras congeladas. ",,https://drive.google.com/file/d/1VJuWIaKiV1W3Km9r-kL2_iLqixft1z1s/view,,2176,,✅ en precios,PRODUCTOS CONGELADOS
PIÑA CONGELADA X 1 KG,1 UNIDAD,"Piña congelada de sabor dulce y ácido, ideal para licuados, postres y preparaciones agridulces. Aporta hidratos de carbono, fibra, vitamina C y manganeso.",,https://drive.google.com/file/d/1pV-eA0YpggEmDx9xGAEevWHqZyCaceK8/view,,1520,,✅ en precios,PRODUCTOS CONGELADOS
TOFU ORGANICO 350 GR - SOYANA,1 UNIDAD,"Alimento de soja de sabor suave y textura firme, ideal para salteados, marinadas y preparaciones vegetales. Aporta proteína vegetal, grasas insaturadas y minerales en cantidades que dependen del proceso de elaboración.",,https://drive.google.com/file/d/1HkJPoQjOkzdDEaWYkhpMSF-GwWVKQI60/view,,2327,,❌ no está en precios,
YOGURT ANANA X1 L - YOGURLAC,1 UNIDAD,"Yogur saborizado de textura cremosa, práctico para desayunos y colaciones. Aporta proteína, calcio y cultivos lácticos, con un perfil frutal fresco y agradable.",,https://drive.google.com/file/d/1L6coloeF1-2zDq4b27zPmCTTVXPtLJVV/view,,1879,,✅ en precios,PRODUCTOS DE FRIO
YOGURT CON COLCHON DE FRUTAS X160 - YOGURLAC,1 UNIDAD,"Yogur saborizado de textura cremosa, práctico para desayunos y colaciones. Aporta proteína, calcio y cultivos lácticos, con un perfil frutal fresco y agradable.",,https://drive.google.com/file/d/1PFlV0NsG3YVxDPVF7HUEl1x34SU8eVSI/view,,2024,,❌ no está en precios,
YOGURT DURAZNO X1 L - YOGURLAC,1 UNIDAD,"Yogur saborizado de textura cremosa, práctico para desayunos y colaciones. Aporta proteína, calcio y cultivos lácticos, con un perfil frutal fresco y agradable.",,https://drive.google.com/file/d/1EWWPP7x8SUFJ8yR_tk9QDhRpRKU6och-/view,,1812,,✅ en precios,PRODUCTOS DE FRIO
YOGURT FRUTILLA X1 L - YOGURLAC,1 UNIDAD,"Yogur saborizado de textura cremosa, práctico para desayunos y colaciones. Aporta proteína, calcio y cultivos lácticos, con un perfil frutal fresco y agradable.",,https://drive.google.com/file/d/1ObMzOZYegrCtbKMYTSyhdT21L46YPUim/view,,1811,,✅ en precios,PRODUCTOS DE FRIO
YOGURT NATURAL AZUCARADO X1 L - YOGURLAC,1 UNIDAD,"Yogur natural de textura cremosa y sabor suave. Aporta proteína, calcio y cultivos lácticos; el contenido de azúcar depende de la formulación.",,https://drive.google.com/file/d/1tntexNF7KmllWMy6boAcMTkFVN0vC4PC/view,,1809,,✅ en precios,PRODUCTOS DE FRIO
YOGURT NATURAL SIN AZUCAR X1 L - YOGURLAC,1 UNIDAD,"Yogur natural de sabor levemente ácido y textura cremosa, sin azúcar agregada según su denominación. Aporta proteína, calcio y cultivos lácticos; contiene los azúcares propios de la leche.",,https://drive.google.com/file/d/1WHsIubNEGfZH0pkrpRAQdc2bGfW-vivv/view,,1810,,✅ en precios,PRODUCTOS DE FRIO
YOGURT PROTEICO X1 L - YOGURLAC,1 UNIDAD,Yogur de textura cremosa formulado con mayor aporte de proteína. También puede aportar calcio y cultivos lácticos; azúcares y valores exactos dependen de la formulación.,,https://drive.google.com/file/d/1uWGXEjmV0Kc7ZMyJpNNRiE5KqGo1asEf/view,,1795,,✅ en precios,PRODUCTOS DE FRIO
ALFAJORES DE MAICENA SIN GLUTEN X6 UNIDADES,1 UNIDAD,"Alfajores de maicena con relleno dulce, elaborados sin gluten. Su textura suave y delicada los convierte en una opción irresistible para acompañar el café, el mate o una merienda.",,https://drive.google.com/file/d/17DRY13kFAmNeyn8buQBUdcMBtiM8sJhb/view,,2027,,✅ en precios,PRODUCTOS SIN TACC
AVENA SIN GLUTEN 400 GR - BIO,1 UNIDAD,"Avena certificada sin gluten, ideal para desayunos, granolas y repostería. Aporta hidratos de carbono complejos, fibra soluble y proteína vegetal, con la misma versatilidad de la avena tradicional.",,https://drive.google.com/file/d/1VVBGz9tYtvkFt5YfsrR-NhdWsaAiHHIv/view,,2509,,❌ no está en precios,
BARRA DE ARROZ - CROWIE,1 UNIDAD,"Barra crocante a base de arroz, práctica para una colación. Aporta principalmente hidratos de carbono; azúcares, grasas y alérgenos dependen de la variedad.",Chocolate Negro/Chocolate Blanco/Marroc/Limón/Frutilla//Coco,https://drive.google.com/file/d/10wGpltOzuQiBJOf4wuxAdQyi7YXku8FT/view,,2103,,✅ en precios,PRODUCTOS SIN TACC
CHIPS SALADOS X80 GR - NUESTROS SABORES,1 UNIDAD,Snack salado y crocante elaborado sin gluten según su denominación. Aporta principalmente hidratos de carbono y grasas; el sodio y los ingredientes dependen de la formulación.,BATATA CON SAL MARINA/BATATA Y REMOLACHA/BATATA CON MERKEN/PAPAS CON SAL MARINA/PAPAS CON PIMIENTA Y SAL MARINA/MANDIOCA CON SAL MARINA,https://drive.google.com/file/d/1uBDvIEfAzu1VpjIV2mDnrRlOgS4924uE/view,,5013,,✅ en precios,PRODUCTOS SIN TACC
DULCE BATATA SIN AZUCAR X400 GR - ORIETA,1 UNIDAD,"Dulce de batata de textura firme y sabor suave, elaborado sin azúcar agregada. Ideal para postres, rellenos y combinaciones con queso, con el dulzor propio de la fruta.",,https://drive.google.com/file/d/1RbjjqLrmtLjhpbsYusDczai4yf-tlhRp/view,,2511,,❌ no está en precios,
DULCE DE MEMBRILLO SIN AZUCAR X400 GR - ORIETA,1 UNIDAD,"Dulce de membrillo de textura firme y sabor frutado, elaborado sin azúcar agregada. Ideal para postres, rellenos y combinaciones con queso, con el carácter clásico del membrillo.",,https://drive.google.com/file/d/1-mbyeZy5o_WZhUb5i9Kc0CI6fhlPYsza/view,,2512,,✅ en precios,PRODUCTOS SIN TACC
FIDEOS DE ARROZ VERDURA X280 GR - PARTY BECK,1 UNIDAD,"Fideos a base de arroz, de sabor neutro y cocción rápida, ideales para salteados, sopas y ensaladas. Su textura liviana absorbe muy bien salsas y condimentos.",ESPINACA/MORRON,https://drive.google.com/file/d/1ukQJs18e4MG4SOfYFg47ZnaZS_uyWJ4C/view,,1685,,✅ en precios,PRODUCTOS SIN TACC
FIDEOS DE ARROZ X280 GR - PARTY BECK,1 UNIDAD,"Fideos a base de arroz, de sabor neutro y cocción rápida, ideales para salteados, sopas y ensaladas. Su textura liviana absorbe muy bien salsas y condimentos.",,https://drive.google.com/file/d/19-Ec5zwxEjtfD53J7YQmvKZcpj2LP4D_/view,,1863,,✅ en precios,PRODUCTOS SIN TACC
GALLETAS DE ARROZ - DOS HERMANOS,1 UNIDAD,"Producto crocante elaborado sin gluten, práctico para desayunos, meriendas y colaciones. Su textura liviana combina muy bien con untables, quesos, dulces o acompañamientos salados.",SIN SAL/CON SAL,https://drive.google.com/file/d/1amGSxuQqZLZaffr0bmcOootGeGZbBSDe/view,,2111,,✅ en precios,PRODUCTOS SIN TACC
GALLETAS SIN TACC  X150 GR - DELICEL,1 UNIDAD,"Producto crocante elaborado sin gluten, práctico para desayunos, meriendas y colaciones. Su textura liviana combina muy bien con untables, quesos, dulces o acompañamientos salados.",PEPAS/CHIPS DE CHOCOLATE/NARANJA/CHOCOLATE/LIMON/COCO/BIZCOCHOS SALADOS,https://drive.google.com/file/d/1RNYHWlRD2WlV38DPdqyNn6kZfaWJ5HNH/view,,2354,,✅ en precios,PRODUCTOS SIN TACC
GALLETAS SIN TACC CASERAS,100G/250G/1KG,"Producto crocante elaborado sin gluten, práctico para desayunos, meriendas y colaciones. Su textura liviana combina muy bien con untables, quesos, dulces o acompañamientos salados.",PASAS Y MANI CON STEVIA/CHIPS DE CHOCO CON AZUCAR,https://drive.google.com/file/d/1dWE8I-pP_tKjgiRouHXj8VT2FMtQlZot/view,,2280,,✅ en precios,PRODUCTOS SIN TACC
POLVO PARA HORENAR X250 GR SIN TACC - DICOMERE,1 UNIDAD,"Agente leudante certificado sin gluten según su denominación, útil para dar volumen a tortas, muffins y panes rápidos. Se utiliza en pequeñas cantidades y puede aportar sodio.",,https://drive.google.com/file/d/1QtN7qh3sN21jW-imHz_bxDFbRiCGzMfD/view,,2410,,✅ en precios,PRODUCTOS SIN TACC
PREMEZCLA BIZCOCHUELO X500 GR SIN TACC - DELICEL,1 UNIDAD,"Mezcla de harinas y almidones sin gluten según su denominación, formulada para facilitar preparaciones de panadería o repostería. Su aporte principal son hidratos de carbono; revisar ingredientes, alérgenos y sello vigente.",VAINILLA/CHOCOLATE,https://drive.google.com/file/d/1CTgbPFS__p_SOmHGkwAJBum-OEYJfhVo/view,,2332,15,✅ en precios,PRODUCTOS SIN TACC
PREMEZCLA PARA PANIFICADOS SIN TACC X1 KG - GLUTAL,1 UNIDAD,"Mezcla de harinas y almidones sin gluten según su denominación, formulada para facilitar preparaciones de panadería o repostería. Su aporte principal son hidratos de carbono; revisar ingredientes, alérgenos y sello vigente.",,https://drive.google.com/file/d/1AArFpNAsJMiKaioobLq10nd2mYy-HhNU/view,,1539,15,✅ en precios,PRODUCTOS SIN TACC
PREMEZCLA PIZZA X500GR SIN TACC - DELICEL,1 UNIDAD,"Mezcla de harinas y almidones sin gluten según su denominación, formulada para facilitar preparaciones de panadería o repostería. Su aporte principal son hidratos de carbono; revisar ingredientes, alérgenos y sello vigente.",,https://drive.google.com/file/d/1qQiCAYWwDLlhu6e7NQZgiJUOOdK-eoi2/view,,2167,15,✅ en precios,PRODUCTOS SIN TACC
PREMEZCLA SIN TACC UNIVERSAL PANADERIA REPOSTERIA Y PASTAS X500 GR - DELICEL ,1 UNIDAD,"Mezcla de harinas y almidones sin gluten según su denominación, formulada para facilitar preparaciones de panadería o repostería. Su aporte principal son hidratos de carbono; revisar ingredientes, alérgenos y sello vigente.",,https://drive.google.com/file/d/1FyEjdpCkc_12y4q9K25VfLFcf66lyqbH/view,,2490,15,✅ en precios,PRODUCTOS SIN TACC
REBOZADOR SIN GLUTEN X500 GR - GLUTAL,1 UNIDAD,"Rebozador crocante sin gluten, ideal para carnes, vegetales y preparaciones al horno o fritas. Ayuda a lograr una cobertura dorada, sabrosa y de textura irresistible.",,https://drive.google.com/file/d/1yReT-Turkk1tY0nHBeuvtKI0k9MbldWe/view,,1553,,✅ en precios,PRODUCTOS SIN TACC
TOSTADAS DE ARROZ SIN TACC - RISKY,1 UNIDAD,"Producto crocante elaborado sin gluten, práctico para desayunos, meriendas y colaciones. Su textura liviana combina muy bien con untables, quesos, dulces o acompañamientos salados.",CLASICAS/SIN SAL/DULCES/CON SEMILLAS,https://drive.google.com/file/d/1JUCP8UXU7fn23kFG9lHulypsoYx0uNNe/view,,2107,,✅ en precios,PRODUCTOS SIN TACC
ENELDO EN SEMILLAS,50G/250G/1KG,"Semillas aromáticas de sabor fresco y levemente anisado, ideales para encurtidos, panes y salsas. Se utilizan en pequeñas cantidades y aportan aceites esenciales naturales.",,https://drive.google.com/file/d/1sq5b7TNau_jq6mH5KVC7MCcelnmq09uL/view,,1259,,✅ en precios,SEMILLAS
MIX 7 SEMILLAS SALUDABLES,250G/500G/1KG,"El mix de 7 semillas combina distintas semillas seleccionadas, aportando fibra, grasas saludables y proteínas vegetales. Es una opción nutritiva para enriquecer ensaladas, yogures o panificados. Ideal para incorporar variedad y valor nutricional a la dieta. Ingredientes: Chía, girasol, lino, quínoa, sésamo integral, sésamo blanco, sésamo negro",,https://drive.google.com/file/d/1EUOkZXnMkbQMN6QUxP4oRDONirUEzQAz/view,si,1415,,✅ en precios,SEMILLAS
MIX DE SEMILLAS ADELGAZANTE,250G/500G/1KG,"Combinación de semillas seleccionadas de textura crocante y sabor suave, pensada para sumar fibra, proteínas vegetales y grasas saludables a yogures, licuados, ensaladas o panificados. Una mezcla práctica para enriquecer las comidas de todos los días.",,https://drive.google.com/file/d/1nR6et-acgtUJNIb4HAqHRM2u5YafBwoH/view,si,1421,,✅ en precios,SEMILLAS
MIX SEMILLAS PARA ENSALADA,250G/500G/1KG,"Mezcla de semillas de zapallo, girasol, lino y sésamo, seleccionadas para aportar textura, sabor y valor nutricional a ensaladas, bowls y vegetales. También es ideal para panes, yogures y preparaciones saladas.",,https://drive.google.com/file/d/1lychDVWnIk3kyFMKIbfHgZiWaGbUcAXD/view,si,1422,,✅ en precios,SEMILLAS
QUINOA NACIONAL,250G/500G/1KG,"Pseudocereal de sabor suave y textura ligera, ideal para ensaladas, guarniciones y hamburguesas vegetales. Aporta proteína vegetal, fibra, hidratos de carbono complejos y minerales como magnesio y hierro.",,https://drive.google.com/file/d/1xbAfHO6CojfLyNemnawXyxFYcfRzikWE/view,,1551,,✅ en precios,SEMILLAS
SEMILLA DE AMAPOLA,100G/250G/1KG,"Semillas pequeñas de sabor suave y textura crocante, ideales para panes, tortas y aderezos. Aportan grasas insaturadas, fibra, calcio y otros minerales.",,https://drive.google.com/file/d/1VmZLiO-xIzIJJcpeVOJx_sRcZJYq5fDQ/view,si,1581,,✅ en precios,SEMILLAS
SEMILLA DE AMARANTO,100G/250G/1KG,"Semillas pequeñas de sabor suave, aptas para cocinar, inflar o sumar a preparaciones. Aportan proteína vegetal, fibra, hidratos de carbono complejos, hierro y magnesio.",,https://drive.google.com/file/d/1JFohlL9RQLyNqujV-it2FAN3OD0FABCz/view,si,1582,10,✅ en precios,SEMILLAS
SEMILLA DE CHIA NACIONAL,100G/250G/1KG,"Semillas de gran capacidad de hidratación, ideales para puddings, bebidas y panificados. Aportan fibra, grasas omega 3 de origen vegetal, proteína y minerales.",,https://drive.google.com/file/d/1ME-FslO5MCT0b8zxrAYYO5qBSABwoups/view,si,1583,,✅ en precios,SEMILLAS
SEMILLA DE GIRASOL,100G/250G/1KG,"Semillas de textura crocante y sabor suave, ideales para ensaladas, panes y colaciones. Aportan grasas insaturadas, proteína vegetal, vitamina E y magnesio.",,https://drive.google.com/file/d/1Y2JjGos7sMWgM_HE8pv4kckC4Gm2IqOf/view,si,1585,,✅ en precios,SEMILLAS
SEMILLA DE LINO,100G/250G/1KG,"Semillas de sabor suave, útiles en panes, yogures y preparaciones; molidas se aprovechan mejor. Aportan fibra, grasas omega 3 de origen vegetal y proteína.",,https://drive.google.com/file/d/14TN7hReQdbtp9qOxRIZDajh3uQjWgeRa/view,si,1586,,✅ en precios,SEMILLAS
SEMILLA DE ZAPALLO PELADO,100G/250G/1KG,"Semillas de zapallo peladas, de textura crocante y sabor suave, ideales para colaciones, ensaladas y panes. Aportan grasas insaturadas, proteína vegetal, magnesio, zinc y hierro.",,https://drive.google.com/file/d/1U5Jqu_LvImJMk1FQxUZXFHfBOJTdhqU3/view,si,1587,,✅ en precios,SEMILLAS
SEMILLAS DE HINOJO,100G/500G/1KG,"Semillas aromáticas de sabor dulce y anisado, ideales para infusiones, panes y condimentos. Se utilizan en pequeñas cantidades y aportan aceites esenciales naturales.",,https://drive.google.com/file/d/1Q-J9P0hyb1Q5NK7fmVh0yzhgr96_wTFZ/view,,2433,,✅ en precios,SEMILLAS
SESAMO BLANCO,100G/250G/1KG,"Semillas de sabor suave y textura crocante, ideales para panes, ensaladas y pastas. Aportan grasas insaturadas, proteína vegetal, fibra, calcio y otros minerales.",,https://drive.google.com/file/d/1TJo2uLiPOEgZOATf1wO0JB8z1RnxEHAE/view,si,1589,,✅ en precios,SEMILLAS
SESAMO NEGRO,100G/250G/1KG,"Semillas de sabor suave y textura crocante, ideales para panes, ensaladas y pastas. Aportan grasas insaturadas, proteína vegetal, fibra, calcio y otros minerales.",,https://drive.google.com/file/d/1Swj7aBCK-fyxBsGtSTDo_lgi458DsdBK/view,si,1591,,✅ en precios,SEMILLAS
BARRA  PROTEICA X59 GR - PROTA,1 UNIDAD,"Barra práctica para una colación, formulada con un aporte adicional de proteína. También puede aportar hidratos de carbono, grasas y fibra; los valores y edulcorantes dependen de la variedad.","ARANDANOS/COCO Y DULCE DE LECHE/CACAO, ALMENDRAS Y SAL MARINA",https://drive.google.com/file/d/1Hf_RGTwMYIZyC-JNLyCB_105zoKMR1Dt/view,,4454,,✅ en precios,SNACK
BARRA DE CEREAL - INTEGRA,1 UNIDAD,"Barra de cereal práctica para una colación o para llevar. Combina cereales e ingredientes seleccionados en un formato cómodo, ideal para disfrutar en cualquier momento.",Arándanos y semillas/cajú y arándanos/banana y nuez,https://drive.google.com/file/d/1I3sXrAbibz4MXrj8IPUAQRXKdqth-LIA/view,,2460,,❌ no está en precios,
BARRA DE CEREAL PROTEICA - INTEGRA,1 UNIDAD,"Barra práctica para una colación, formulada con un aporte adicional de proteína. También puede aportar hidratos de carbono, grasas y fibra; los valores y edulcorantes dependen de la variedad.",,https://drive.google.com/file/d/1tP4pZBdg95hruo1GIxj4cVEr_M4561AN/view,,2506,,✅ en precios,SNACK
BARRA DE CEREAL PROTEICA - MUECA,1 UNIDAD,"Barra práctica para una colación, formulada con un aporte adicional de proteína. También puede aportar hidratos de carbono, grasas y fibra; los valores y edulcorantes dependen de la variedad.",,https://drive.google.com/file/d/1nXMBYKQO0h5oN3_D5PytHf4LYrQGF8iM/view,,2484,,❌ no está en precios,
BARRA DE CEREAL X45 GR - MUECA,1 UNIDAD,"Barra de cereal práctica para una colación o para llevar. Combina cereales e ingredientes seleccionados en un formato cómodo, ideal para disfrutar en cualquier momento.",Cacao y Avellanas//Banana y Dulce de Leche/Pasas y Arándanos,https://drive.google.com/file/d/1j9HvY5wTqfuioP8VKHYDDnwdLHIujPgg/view,,2014,,✅ en precios,SNACK
BARRA PROTEICA X40 GR - SIN TACC - CRUDDA,1 unidad,"Barra práctica para una colación, formulada con un aporte adicional de proteína. También puede aportar hidratos de carbono, grasas y fibra; los valores y edulcorantes dependen de la variedad.",BROWNIE/COCO/PEANUT CARAMEL/AVELLANA/BANANA-TOFFEE,https://drive.google.com/file/d/1xV00r5HSo3zy6rGeo_d5Yj28DoWrdl2j/view,,2074,,✅ en precios,SNACK
CRACKERS MEDITERRANEAS X100GR - SHIVA,1 UNIDAD,"Galletas saladas de textura crocante y sabor especiado, ideales para picadas y untables. Aportan principalmente hidratos de carbono y grasas; el sodio depende de la formulación.",,https://drive.google.com/file/d/1Nfe-EVKzf4dbln8QbK-ZGby2sKKjuoGp/view,,5000,,✅ en precios,SNACK
CRACKERS PIMENTON AHUMADO X100GR - SHIVA,1 UNIDAD,"Galletas saladas de textura crocante y sabor especiado, ideales para picadas y untables. Aportan principalmente hidratos de carbono y grasas; el sodio depende de la formulación.",,https://drive.google.com/file/d/1Mps4OmIt5mgI5nIV_E6sREdnwZsOf263/view,,4455,,✅ en precios,SNACK
GALLETAS INTEGRALES - CACHAFAZ,1 UNIDAD,"Galletas de textura crocante elaboradas con cereales integrales. Aportan hidratos de carbono y fibra; grasas, azúcares y sodio dependen de la formulación.",AVENA Y PASAS/ALMENDRAS Y MANI/ALGARROBA/AVENA Y CHIPS DE CHOCO,https://drive.google.com/file/d/1drUxk_PVSN4peFITlv3-FpOe2x-bk0oe/view,,2115,,✅ en precios,SNACK
GALLETAS ORGANICAS - CACHAFAZ,1 unidad,"Galletas crocantes elaboradas con ingredientes de producción orgánica según su certificación. Aportan hidratos de carbono y grasas; azúcares, fibra y sodio dependen de la variedad.",avena y miel/cacao y miel,https://drive.google.com/file/d/1m9EySYXQ-2Z6ADhqEj4usOCGItWMndtC/view,,1895,,✅ en precios,SNACK
PIPAS TOSTADAS CON SAL DEL HIMALAYA  X50 GR,1 UNIDAD,"Semillas de girasol tostadas con sal del Himalaya, de textura crocante e ideales para una colación o picada. Aportan grasas insaturadas, proteína vegetal, vitamina E y magnesio.",,https://drive.google.com/file/d/1NFPNPC2pXSRqy-jr5iltX87yXuZDLp3O/view,,5010,,✅ en precios,SNACK
ACEITE DE HIBISCUS 30 ml - SOMOS SETAS,1 UNIDAD,"Aceite vegetal de textura agradable, ideal para sumar a rutinas de cuidado personal y masajes. Su presentación concentrada permite aprovecharlo con pocas gotas.",,https://drive.google.com/file/d/1QqmV8SVB8Y-2JWnYv3MAMISntptyKs-3/view,,2467,,✅ en precios,SUPLEMENTOS
ACEITE DE OREGANO X30CC - SOMOS SETA,1 UNIDAD,"Extracto oleoso concentrado de orégano, una hierba muy valorada por sus compuestos aromáticos naturales. Su cómodo formato en gotas permite incorporarlo de acuerdo con el uso indicado en el envase.",,https://drive.google.com/file/d/1Wm8Iec471voAiw94oFHUZ4rB5mhZ-q8w/view,,2185,,✅ en precios,SUPLEMENTOS
ACEITE PURO DE ALMENDRAS X 50 CC - EL NATURALISTA,1 UNIDAD,"Aceite cosmético de textura liviana y tacto sedoso, ideal para masajes y para dejar la piel suave y humectada. También puede incorporarse al cuidado de puntas y zonas secas.",,https://drive.google.com/file/d/1x5L-ScWPsjQ9KhPUz4s9l1E7DE5KzFlL/view,,2377,,✅ en precios,SUPLEMENTOS
ACEITE PURO DE ARGAN X 50CC - EL NATURALISTA,1 UNIDAD,Aceite cosmético apreciado por su textura nutritiva y su aporte de vitamina E. Ideal para sumar brillo al cabello y suavidad a la piel con unas pocas gotas.,,https://drive.google.com/file/d/1DTG30mgxAxX-HE8AQBlPhtyRGOXMLclE/view,,2277,,✅ en precios,SUPLEMENTOS
ACEITE PURO DE ARNICA X50CC - EL NATURALISTA,1 UNIDAD,"Aceite corporal de textura ligera, ideal para acompañar masajes después de la actividad diaria. Su formato permite aplicarlo fácilmente en las zonas elegidas.",,https://drive.google.com/file/d/1HFCaYgpwpKVnBhVOXTIuLR69SUA3EzXj/view,,2493,,✅ en precios,SUPLEMENTOS
ACEITE PURO DE RICINO X50CC - EL NATURALISTA,1 UNIDAD,"Aceite cosmético de textura densa y envolvente, elegido para nutrir piel, uñas y cabello. Rinde muy bien porque se utiliza en pequeñas cantidades.",,https://drive.google.com/file/d/1BQ24XKilgq5IpawRut_5YcLzpBzqlHkB/view,,2352,,✅ en precios,SUPLEMENTOS
ACIDO ASCORBICO,250G/500G/1KG,"Vitamina C pura en polvo, de fácil disolución y muy versátil para dosificar. La vitamina C cumple una función antioxidante, participa en la formación de colágeno y contribuye al funcionamiento normal del sistema inmune.",,https://drive.google.com/file/d/18ROTI1xSJAyO-q2lkonZS6ns6r7t18tq/view,,2346,,✅ en precios,SUPLEMENTOS
AJO NEGRO X 50 CAPSULAS - NATIER,50G/250G/1KG,"Ajo negro concentrado en cápsulas, con su característico perfil de compuestos azufrados y antioxidantes naturales. Una alternativa práctica para incorporarlo a la rutina sin su sabor intenso.",,https://drive.google.com/file/d/13I2J9wGyFJUiPGB8lTaXS6tB2cyHTJHz/view,,2054,,✅ en precios,SUPLEMENTOS
ALOE VERA BEBIBLE DEFENSAS X250 ML - NATIER,1 UNIDAD,"Fórmula bebible a base de aloe vera y extractos seleccionados para sumar a una rutina de bienestar diario. Su presentación líquida es práctica, fresca y fácil de incorporar.",,https://drive.google.com/file/d/1djdM2QMCC1ghHYZa4xXQgrIgv5DuRgQm/view,,2044,,✅ en precios,SUPLEMENTOS
ALOE VERA BEBIBLE DEFENSAS X500 ML - NATIER,1 UNIDAD,"Fórmula bebible a base de aloe vera y extractos seleccionados para sumar a una rutina de bienestar diario. Su presentación líquida es práctica, fresca y fácil de incorporar.",,https://drive.google.com/file/d/1UX-XypHShsdeOYeYOj2X0YkZygc18hhP/view,,2325,,✅ en precios,SUPLEMENTOS
ALOE VERA BEBIBLE DIGESTIVO X250 ML - NATIER,1 UNIDAD,"Fórmula bebible a base de aloe vera, pensada para acompañar una rutina de bienestar digestivo de manera simple. Su presentación líquida resulta fresca, práctica y fácil de incorporar.",,https://drive.google.com/file/d/12z7Y2tsdinNfYhl4u0P34WV0GB18OGN6/view,,2323,,✅ en precios,SUPLEMENTOS
ASHWAGANDHA X 60 CAPSULAS - SOMOS SETA,1 UNIDAD,"Ashwagandha en una presentación concentrada y fácil de incorporar. Esta planta adaptógena es tradicionalmente elegida para acompañar rutinas de equilibrio, descanso y bienestar cotidiano.",,https://drive.google.com/file/d/106kp-pmWXwhZybP0hKiERu6L3wIou9lg/view,,2073,,✅ en precios,SUPLEMENTOS
ASHWAGANDHA X60 CC - SOMOS SETA,1 UNIDAD,"Ashwagandha en una presentación concentrada y fácil de incorporar. Esta planta adaptógena es tradicionalmente elegida para acompañar rutinas de equilibrio, descanso y bienestar cotidiano.",,https://drive.google.com/file/d/1V0MR-HjINLy8lyGawuZqcOZwZoCJ3Erz/view,,2411,,✅ en precios,SUPLEMENTOS
BISGLICINATO DE MAGNESIO X50 CAPSULAS - NATIER,1 UNIDAD,Magnesio en una presentación práctica para complementar la alimentación diaria. Este mineral participa en la producción de energía y en el funcionamiento normal de músculos y sistema nervioso.,,https://drive.google.com/file/d/1lSEP7X1rgHtsuuCl8HO8rXmmttEWA6t_/view,,2463,,✅ en precios,SUPLEMENTOS
CAFE VERDE X30 COMPRIMIDOS - EL NATURALISTA,1 UNIDAD,"Extracto de café verde en comprimidos, fuente de compuestos vegetales propios del grano sin tostar. Una opción práctica para quienes buscan sumar ingredientes de origen natural a su rutina activa.",,https://drive.google.com/file/d/1s_HQee3Ct7AVUZNXKhc64AwL58l6b-XF/view,,2216,,✅ en precios,SUPLEMENTOS
CARDO MARIANO X60 CC - EL NATURALISTA,1 UNIDAD,Cardo mariano concentrado en un formato simple de incorporar. Esta planta es tradicionalmente valorada en rutinas de bienestar digestivo y aporta compuestos vegetales como la silimarina.,,https://drive.google.com/file/d/1NLCzmbDkrR-9RS4-qFfUG4PPeIlWtOyR/view,,1110,,✅ en precios,SUPLEMENTOS
CARDOMARIANO X30 CAPSULAS - EL NATURALISTA,1 UNIDAD,Cardo mariano concentrado en un formato simple de incorporar. Esta planta es tradicionalmente valorada en rutinas de bienestar digestivo y aporta compuestos vegetales como la silimarina.,,https://drive.google.com/file/d/1ZW2LgeqdKgWWlI5Tn3W0-P4xDIy3L9HN/view,,2080,,✅ en precios,SUPLEMENTOS
CAROTENO X10 CAPSULAS - EL NATURALISTA,1 UNIDAD,"Betacaroteno en cápsulas, un pigmento vegetal que el organismo puede convertir en vitamina A. La vitamina A participa en el mantenimiento de la visión, la piel y el funcionamiento normal del sistema inmune.",,https://drive.google.com/file/d/1iFdEtBZgmu1ZI6I7Ed_HxhNyYRIDqWrP/view,,2218,,✅ en precios,SUPLEMENTOS
CARQUEJA X60 CC - EL NATURALISTA,1 UNIDAD,"Extracto herbal de carqueja en gotas, una planta de sabor característico tradicionalmente elegida para acompañar el bienestar digestivo. El formato líquido permite incorporarla de manera cómoda.",,https://drive.google.com/file/d/1-lo402d647WKiJtdRF1NhX6rb3mp8Oeu/view,,2351,,✅ en precios,SUPLEMENTOS
CASCARA SAGRADA X 60 CC - EL NATURALISTA,1 UNIDAD,"Extracto líquido de cáscara sagrada, planta tradicionalmente presente en rutinas de bienestar digestivo. Su presentación en gotas facilita una dosificación práctica según la indicación del envase.",,https://drive.google.com/file/d/1UtKGvw0H8D3qO66sEwLmx9GFioDZGXFT/view,,2170,,✅ en precios,SUPLEMENTOS
CENTELLA ASIATICA X50 CAPSULAS - NATIER,1 UNIDAD,"Centella asiática concentrada en cápsulas, una planta tradicionalmente valorada en rutinas de belleza y bienestar corporal. Una forma simple de incorporarla todos los días.",,https://drive.google.com/file/d/1NW1lGzNcovSdQcQHZxLxEivOtBvvj2IH/view,,2187,,✅ en precios,SUPLEMENTOS
"CENTELLA ASIATIC, GINKGOBILOBA, TEVERDE, HIBISCUS X30 COMPRIMIDOS - VITAWELLNESS",1 UNIDAD,"Combinación de centella asiática, ginkgo biloba, té verde e hibiscus, ingredientes vegetales muy elegidos en rutinas de vitalidad y bienestar. Su formato en comprimidos reúne todo el blend en una toma práctica.",,https://drive.google.com/file/d/1-fv6AsarrEr0r3RJvNgkCMzR4jKciSrS/view,,2281,,✅ en precios,SUPLEMENTOS
CITRATO DE MAGNESIO,250G/500G/1KG,Magnesio en una presentación práctica para complementar la alimentación diaria. Este mineral participa en la producción de energía y en el funcionamiento normal de músculos y sistema nervioso.,,https://drive.google.com/file/d/1ap0OjZAyu-HsIKhxWHflQ52Zhwv2Umqi/view,,2483,,✅ en precios,SUPLEMENTOS
CITRATO DE MAGNESIO X 50 CAPSULAS - NATIER,1 UNIDAD,Magnesio en una presentación práctica para complementar la alimentación diaria. Este mineral participa en la producción de energía y en el funcionamiento normal de músculos y sistema nervioso.,,https://drive.google.com/file/d/1VdZUxVjslvgdwC3uH0wSSbWX7GotFakJ/view,,2056,,✅ en precios,SUPLEMENTOS
CITRATO DE MAGNESIO X30 COMPRIMIDOS - EL  NATURALISTA,1 UNIDAD,Magnesio en una presentación práctica para complementar la alimentación diaria. Este mineral participa en la producción de energía y en el funcionamiento normal de músculos y sistema nervioso.,,https://drive.google.com/file/d/1mRf1BFbOxI8NihwSkBQUNzjwF9W-ulYC/view,,2076,,✅ en precios,SUPLEMENTOS
CITRATO DE POTASIO X30 COMPRIMIDOS - EL NATURALISTA,1 UNIDAD,Potasio en forma de citrato y en prácticos comprimidos. Este mineral participa en el equilibrio de líquidos y en el funcionamiento normal de músculos y sistema nervioso.,,https://drive.google.com/file/d/11T6jTwiWh8vqbm2ReafK6EzW3UrdfWZr/view,,2077,,✅ en precios,SUPLEMENTOS
CLORURO DE MAGNESIO,100G/250G/1KG,Magnesio en una presentación práctica para complementar la alimentación diaria. Este mineral participa en la producción de energía y en el funcionamiento normal de músculos y sistema nervioso.,,https://drive.google.com/file/d/1O_qHjrfVmwyhzFpBC-Hl0wP1QNKBRjSV/view,,2432,,✅ en precios,SUPLEMENTOS
COLA DE PAVO EXTRACTO X60 CC - SOMOS SETAS,1 UNIDAD,"Extracto concentrado de cola de pavo, un hongo funcional tradicionalmente valorado en rutinas de bienestar integral. Su presentación líquida permite incorporarlo de manera simple y versátil.",,https://drive.google.com/file/d/1GMllD3PXfeRi-_WC9AxuzhWZ7-zN54iC/view,,2469,,✅ en precios,SUPLEMENTOS
COLAGENO HIDROLIZADO - PEPTAN B 2000 LD,250G/500G/1KG,"Colágeno hidrolizado en una presentación fácil de sumar a la rutina. Aporta péptidos derivados del colágeno, una proteína naturalmente presente en piel, huesos, cartílagos y otros tejidos.",,https://drive.google.com/file/d/14NenshLi9fBZPcVZjxfVaIFcf9tGOJTf/view,,2031,,✅ en precios,SUPLEMENTOS
COLAGENO HIDROLIZADO X50 CAPSULAS - NATIER,1 UNIDAD,"Colágeno hidrolizado en una presentación fácil de sumar a la rutina. Aporta péptidos derivados del colágeno, una proteína naturalmente presente en piel, huesos, cartílagos y otros tejidos.",,https://drive.google.com/file/d/1RaGyJOUcT0ugKOs1LCmQPpnDeanEyvoM/view,,2049,,✅ en precios,SUPLEMENTOS
COLAGENO X10 COMPRIMIDOS - EL NATURALISTA,1 UNIDAD,"Colágeno hidrolizado en una presentación fácil de sumar a la rutina. Aporta péptidos derivados del colágeno, una proteína naturalmente presente en piel, huesos, cartílagos y otros tejidos.",,https://drive.google.com/file/d/1PMZLayzG6mqCWiG46kGKvGzdxB0XyfJe/view,,2222,,✅ en precios,SUPLEMENTOS
CORDYCEPS EXTRACTO 60CC - SOMOS SETA,1 UNIDAD,"Cordyceps concentrado, hongo funcional muy elegido por personas activas para acompañar rutinas de energía y vitalidad. Disponible en un formato cómodo para el uso diario.",,https://drive.google.com/file/d/1MG7ngaKMaCJJC43XG5d0Ln27QvH5W2V8/view,,2105,,✅ en precios,SUPLEMENTOS
CORDYCEPS X60 CAPSULAS - SOMOS SETA,1 UNIDAD,"Cordyceps concentrado, hongo funcional muy elegido por personas activas para acompañar rutinas de energía y vitalidad. Disponible en un formato cómodo para el uso diario.",,https://drive.google.com/file/d/168wRb1XdNhsNZwadsoiKWYAEpyRXtzlg/view,,2114,,✅ en precios,SUPLEMENTOS
CREATINA MONOHIDRATO,250G/500G/1KG,"Creatina monohidrato en polvo, uno de los suplementos más estudiados en nutrición deportiva. Es especialmente elegida para entrenamientos de fuerza y esfuerzos breves de alta intensidad.",,https://drive.google.com/file/d/1p1DC201LdeiFCMTYVAMZOiY5EWWXFFk_/view,,2238,,✅ en precios,SUPLEMENTOS
CURCUMA + PIMIENTA X30 COMPRIMIDOS - EL NATURALISTA,1 UNIDAD,"Combinación de cúrcuma y pimienta, especias ricas en compuestos vegetales antioxidantes. La pimienta aporta piperina y completa una fórmula concentrada y práctica para la rutina diaria.",,https://drive.google.com/file/d/1_bjSV4yAeIyGT7WRMi-36m3vw2Z1eUGJ/view,,2169,,✅ en precios,SUPLEMENTOS
"CURCUMA, JENGIBRE Y PIMIENTA X30 COMPRIMIDOS - VITAWELLNESS",1 UNIDAD,"Combinación de cúrcuma, jengibre y pimienta, especias ricas en compuestos vegetales antioxidantes. Un blend concentrado y práctico que reúne tres ingredientes de perfil intenso.",,https://drive.google.com/file/d/1aDcnv1TqZ5aw6vIUzIO_OA2rlAays0K2/view,,2226,,✅ en precios,SUPLEMENTOS
"CURCUMA+PIMIENTA X 50 CÁPSULAS ""NATIER""",1 UNIDAD,"Combinación de cúrcuma y pimienta, especias ricas en compuestos vegetales antioxidantes. La pimienta aporta piperina y completa una fórmula concentrada y práctica para la rutina diaria.",,https://drive.google.com/file/d/1OSTrlXYcn0jV-ex6IiqNv0AnfXN6sIUR/view,,2051,,✅ en precios,SUPLEMENTOS
ELECTROLITOS X9 GR - SUMA,1 UNIDAD,"Mezcla de electrolitos en polvo para preparar una bebida práctica y refrescante. Aporta minerales como sodio, potasio y magnesio, importantes para la hidratación y el funcionamiento muscular.",NARANJA/LIMON/FRUTOS ROJOS,https://drive.google.com/file/d/1CTTGswDvkDdWLH567iCCQeiYp6XyFoUY/view,,2485,,✅ en precios,SUPLEMENTOS
EQUINACEA  60 CC - EL NATURALISTA,1 UNIDAD,"Extracto líquido de equinácea, una planta tradicionalmente elegida para acompañar rutinas de bienestar estacional. El formato en gotas permite incorporarla de manera simple.",,https://drive.google.com/file/d/1lBPousVp1ZkmV1_yqdTCelyaH7LZd7xu/view,,2402,,✅ en precios,SUPLEMENTOS
FLEBOTONICO X30 COMPRIMIDOS - EL NATURALISTA,1 UNIDAD,"Blend herbal concentrado en comprimidos, pensado para acompañar rutinas de bienestar corporal y movimiento cotidiano. Su presentación resulta práctica para llevar e incorporar todos los días.",,https://drive.google.com/file/d/1F1_9MVWjAbpyX4QiKIyFh1Foh4qXMUqQ/view,,2217,,✅ en precios,SUPLEMENTOS
GINKGO BILOBA FORTE X10 COMPRIMIDOS - EL NATURALISTA,1 UNIDAD,"Ginkgo biloba concentrado en comprimidos, una planta tradicionalmente elegida para rutinas de enfoque y bienestar mental. Su formato compacto permite sumarlo fácilmente al día.",,https://drive.google.com/file/d/1LDrJVsyrk7Y2XrmBCItUR2JiJskYgnrR/view,,2082,,✅ en precios,SUPLEMENTOS
GINSENG + MAGNESIO X10 COMPRIMIDOS - EL NATURALISTA,1 UNIDAD,Combinación de ginseng y magnesio pensada para acompañar rutinas activas. El magnesio participa en el metabolismo energético y el ginseng es tradicionalmente valorado por su asociación con la vitalidad.,,https://drive.google.com/file/d/10X_F9ijvOFbFbwm-NndKxepX3KVexTBT/view,,2084,,✅ en precios,SUPLEMENTOS
GLICINATO DE MAGNESIO X 30 COMPRIMIDOS - EL NATURALISTA,1 UNIDAD,Magnesio en una presentación práctica para complementar la alimentación diaria. Este mineral participa en la producción de energía y en el funcionamiento normal de músculos y sistema nervioso.,,https://drive.google.com/file/d/1QTEiTTOducupRnuYSwMy0yjx96l9KbER/view,,2078,,✅ en precios,SUPLEMENTOS
HIBISCUS EXTRACTO X60 CC - SOMOS SETAS,1 UNIDAD,"Extracto concentrado de hibiscus, una flor rica en pigmentos y compuestos antioxidantes naturales. Su presentación líquida permite incorporarla de manera práctica a la rutina.",,https://drive.google.com/file/d/1ZLHJNh59r89OipEuk51UyPxGfYGHZV2H/view,,2466,,✅ en precios,SUPLEMENTOS
HIPERICO TINTURA MADRE X60 CC - EL NATURALISTA,1 UNIDAD,Extracto herbal concentrado de hipérico en formato líquido. Una presentación cómoda para quienes eligen ingredientes botánicos tradicionales dentro de su rutina de bienestar.,,https://drive.google.com/file/d/1HHjUxzloU8wAh4I1z1bez0qAEbobrC9s/view,,2370,,✅ en precios,SUPLEMENTOS
LEVADURA DE CERVEZA SABOR QUESO X200 GR- NUTILEVA,1 UNIDAD,"Levadura nutricional de sabor umami, ideal para sumar un toque similar al queso en pastas, ensaladas y preparaciones. Aporta proteína, fibra y vitaminas del grupo B en cantidades que dependen de la formulación.",,https://drive.google.com/file/d/1o0hlxxNDegQlVlBiEqkZCulb3wueM8Ic/view,,2086,,✅ en precios,SUPLEMENTOS
LEVADURA EN COPOS X 200 GR - TITAN,1 UNIDAD,"Levadura nutricional de sabor umami, ideal para sumar un toque similar al queso en pastas, ensaladas y preparaciones. Aporta proteína, fibra y vitaminas del grupo B en cantidades que dependen de la formulación.",,https://drive.google.com/file/d/1Pff8wFxTktjTbfQSt-dAOLAeY745HhLm/view,,1458,,✅ en precios,SUPLEMENTOS
MAGNESIO EN POLVO X150 GR - NATIER,1 UNIDAD,Magnesio en una presentación práctica para complementar la alimentación diaria. Este mineral participa en la producción de energía y en el funcionamiento normal de músculos y sistema nervioso.,,https://drive.google.com/file/d/1UVqUAki56Zy2sYGNDTVHaEcVxv1-53BB/view,,2504,,✅ en precios,SUPLEMENTOS
MELENA DE LEON + ASHWAGANDHA X60 CC - SOMOS SETA,1 UNIDAD,"Blend de melena de león y ashwagandha, dos ingredientes muy elegidos en rutinas de enfoque, equilibrio y bienestar. El formato líquido concentra la combinación en una presentación fácil de usar.",,https://drive.google.com/file/d/1qWvNImRWNM3Hs9PehsHDJA0bTZOi-iaz/view,,2116,,✅ en precios,SUPLEMENTOS
MELENA DE LEON + REISHI X60 CC - SOMOS SETA,1 UNIDAD,"Blend de melena de león y reishi, hongos funcionales tradicionalmente valorados en rutinas de bienestar integral. Su formato líquido permite sumarlos de manera sencilla.",,https://drive.google.com/file/d/1tjNMwDbGktegeireW085PeRgmaw19ql-/view,,2162,,✅ en precios,SUPLEMENTOS
MELENA DE LEON EN POLVO 30 GR - SOMOS SETAS,1 UNIDAD,"Melena de león concentrada, un hongo funcional muy elegido para acompañar rutinas de enfoque y claridad mental. Disponible en formatos prácticos para incorporarlo al día.",,https://drive.google.com/file/d/1RrcSsIYVaIGrEn7wKF7tzRtpZttQELT5/view,,2468,,✅ en precios,SUPLEMENTOS
MELENA DE LEON EXTRACTO 60 CC - SOMOS SETA,1 UNIDAD,"Melena de león concentrada, un hongo funcional muy elegido para acompañar rutinas de enfoque y claridad mental. Disponible en formatos prácticos para incorporarlo al día.",,https://drive.google.com/file/d/14pcL_9JsCdHODAIUbby8qtMsrBrNOBQ3/view,,2380,,✅ en precios,SUPLEMENTOS
MELENA DE LEON X60 CAPSULAS - SOMOS SETA,1 UNIDAD,"Melena de león concentrada, un hongo funcional muy elegido para acompañar rutinas de enfoque y claridad mental. Disponible en formatos prácticos para incorporarlo al día.",,https://drive.google.com/file/d/1t_XO3Snu-LiJC6Z6ryH5O80lNMBR9vdE/view,,2112,,✅ en precios,SUPLEMENTOS
MELISA X60 CC - EL NATURALISTA,1 UNIDAD,"Extracto líquido de melisa, hierba de aroma suave tradicionalmente asociada con momentos de calma y relajación. Su formato en gotas la vuelve fácil de incorporar a la rutina nocturna.",,https://drive.google.com/file/d/1BEE03uQopNO5T90pEzRQ3lZ1W2H-vIXN/view,,2371,,✅ en precios,SUPLEMENTOS
MORINGA X60 CC - EL NATURALISTA,1 UNIDAD,"Extracto de moringa, planta apreciada por su variedad natural de compuestos vegetales. Una presentación líquida y práctica para complementar rutinas de alimentación y bienestar.",,https://drive.google.com/file/d/1l-JYUR09DCmVHlbvTXTJgsyewZYUXT_K/view,,2276,,✅ en precios,SUPLEMENTOS
NAD + RESVERATROL X60 CAPSULAS - EL NATURALISTA,1 UNIDAD,"Combinación de NAD y resveratrol en cápsulas, pensada para quienes buscan ingredientes vinculados al metabolismo celular y la protección antioxidante. Una fórmula práctica para la rutina diaria.",,https://drive.google.com/file/d/1lwP-ZXKmUUXnbJqQ_lTAI1757sIFVRcU/view,,2334,,✅ en precios,SUPLEMENTOS
NAD X60 GR - EL NATURALISTA,1 UNIDAD,"NAD en presentación concentrada, una coenzima que participa en procesos celulares relacionados con la producción de energía. Su formato permite incorporarlo de manera simple a la rutina.",,https://drive.google.com/file/d/17rL0VSWYYhwXzYV2OfEEuVaWt0xdnW14/view,,2333,,✅ en precios,SUPLEMENTOS
NENCIA X60 CC - EL NATURALISTA,1 UNIDAD,"Extracto líquido de nencia, hierba tradicionalmente utilizada en preparaciones botánicas de bienestar. Su formato en gotas resulta práctico y fácil de dosificar.",,https://drive.google.com/file/d/1CkoOdz3Shcg5Ay0rnu95low1979ETd9f/view,,2373,,✅ en precios,SUPLEMENTOS
NMN - NICOTINAMIDA MONONUCLEOTIDO - LABS NUTRITION,1 UNIDAD,"NMN o mononucleótido de nicotinamida, compuesto precursor del NAD estudiado por su participación en el metabolismo celular. Una presentación concentrada para rutinas de bienestar y vitalidad.",,https://drive.google.com/file/d/1dAxa1ht44-g0-MfKgN0N9hWNBMQsuYnr/view,,2505,,✅ en precios,SUPLEMENTOS
OMEGA 3 X60 CAPSULAS - SYNERGY ,1 UNIDAD,"Omega 3 en cápsulas, fuente de ácidos grasos esenciales como EPA y DHA. Estos nutrientes forman parte de las membranas celulares y son una opción práctica para complementar la alimentación.",,https://drive.google.com/file/d/1uGutYf5B69B_Y0RnSJ4yJ5GwGjdd3bVs/view,,2189,,✅ en precios,SUPLEMENTOS
ORTIGA X60 CC - EL NATURALISTA,1 UNIDAD,"Extracto líquido de ortiga, planta rica en compuestos vegetales y tradicionalmente valorada en rutinas de bienestar general. Su formato en gotas facilita el uso cotidiano.",,https://drive.google.com/file/d/14Ly-TbZlGMfks8w-vsO-sYBqVBfq3qk4/view,,2372,,✅ en precios,SUPLEMENTOS
PASIONARIA X6O CC - EL NATURALISTA,1 UNIDAD,"Extracto líquido de pasionaria, planta tradicionalmente asociada con la relajación y el descanso. Una opción práctica para sumar a la rutina de la noche.",,https://drive.google.com/file/d/1AZfzS1YJFaunAWJo3g5axQc0O9rudhBQ/view,,2374,,✅ en precios,SUPLEMENTOS
PLATA COLOIDAL X100 ML -650,1 UNIDAD,Solución de plata coloidal en presentación líquida. No se le atribuyen beneficios nutricionales ni propiedades terapéuticas; antes de ofrecerla conviene confirmar que este producto específico cuente con habilitación sanitaria vigente.,,https://drive.google.com/file/d/1BGc9XX5XLaYPcg7N8Ja_JQqluUcRqyHI/view,,2132,,✅ en precios,SUPLEMENTOS
POTASIO + MAGNESIO X30 CAPSULAS - EL NATURALISTA,1 UNIDAD,"Combinación de potasio y magnesio, dos minerales que participan en el funcionamiento muscular y nervioso. Su formato en cápsulas resulta cómodo para complementar una rutina activa.",,https://drive.google.com/file/d/1Iv5tdvKwOpKO6Rzz6TxKc_DMQcNaZe5y/view,,2211,,✅ en precios,SUPLEMENTOS
PROBIOTICOS X60 ML - KYOJIN,1 UNIDAD,Fórmula con cultivos probióticos pensada para acompañar el equilibrio de la microbiota intestinal. Su presentación líquida resulta práctica; las propiedades específicas dependen de las cepas incluidas.,,https://drive.google.com/file/d/1Yw30_0YjHDBRPyTu9KNAsg8-KwfuJm0G/view,,2180,,✅ en precios,SUPLEMENTOS
PROPOLEO LIQUIDO X100 ML - EL NATURALISTA,1 UNIDAD,"Propóleo en formato líquido o spray, una resina natural de la colmena rica en compuestos vegetales. Su presentación práctica permite incorporarlo fácilmente a rutinas de bienestar estacional.",,https://drive.google.com/file/d/1_Y9tRfuTxV0SH6V-mCLQc_H47GIzLcIf/view,,2221,,✅ en precios,SUPLEMENTOS
"PROPOLEO PLUS + CURCUMA,JENGIBRE Y TOMILLO 250 ML - NATIER",1 UNIDAD,"Fórmula de propóleo combinada con cúrcuma, jengibre y tomillo, ingredientes tradicionalmente elegidos en rutinas de bienestar estacional. Una mezcla práctica y de perfil botánico intenso.",,https://drive.google.com/file/d/1ddHFesG2wDHj31zwqEEC2XouEKTGRBEr/view,,2503,,✅ en precios,SUPLEMENTOS
PROPOLEO SPRAY 30 CC - EL NATURALISTA,1 UNIDAD,"Propóleo en formato líquido o spray, una resina natural de la colmena rica en compuestos vegetales. Su presentación práctica permite incorporarlo fácilmente a rutinas de bienestar estacional.",,https://drive.google.com/file/d/1MOwgKWz36p59SWw4cMqX6YL_eCASi5VT/view,,2401,,✅ en precios,SUPLEMENTOS
PROSTASANA X30 COMPRIMIDOS - EL NATURALISTA,1 UNIDAD,Blend herbal en comprimidos pensado para acompañar rutinas de bienestar masculino. Su formato compacto resulta cómodo para llevar e incorporar todos los días.,,https://drive.google.com/file/d/1yvTbexEzUXR8OAPSM1_WnSCQzVB8GxYj/view,,1900,,✅ en precios,SUPLEMENTOS
PROTEINA AISALDA DE SUERO,250G/500G/1KG,"Proteína aislada de suero en polvo, ideal para complementar el aporte proteico diario. La proteína contribuye al mantenimiento y desarrollo de la masa muscular, especialmente junto con entrenamiento y una alimentación adecuada.",,https://drive.google.com/file/d/1mkHwF-SGOcpl2meF3u4W6mGAGEiM3d7k/view,,1866,,✅ en precios,SUPLEMENTOS
REDUCTOR  X10 COMPRIMIDOS - EL NATURALISTA,1 UNIDAD,Blend en comprimidos pensado como complemento de una rutina que combine alimentación equilibrada y movimiento. Su formato práctico permite incorporarlo fácilmente al día.,,https://drive.google.com/file/d/12YoRropKuis3u99GklU7H7xDfeiXtbfr/view,,2168,,✅ en precios,SUPLEMENTOS
REISHI X60 CAPSULAS - SOMOS SETA,1 UNIDAD,"Reishi concentrado, hongo funcional tradicionalmente valorado en rutinas de equilibrio y bienestar integral. Disponible en una presentación práctica para el uso cotidiano.",,https://drive.google.com/file/d/1OqRbE6JE83BxspzorDJ4E_2yDD13umAE/view,,2113,,✅ en precios,SUPLEMENTOS
REISHI X60 CC - SOMOS SETA,1 UNIDAD,"Reishi concentrado, hongo funcional tradicionalmente valorado en rutinas de equilibrio y bienestar integral. Disponible en una presentación práctica para el uso cotidiano.",,https://drive.google.com/file/d/163sCqXvo9Eh0r-hCvM4PyJJDxZVNHKhl/view,,2412,,✅ en precios,SUPLEMENTOS
RELAX BLEND X50 CAPSULAS - NATIER,1 UNIDAD,Blend de ingredientes seleccionados para acompañar momentos de calma y una rutina de descanso. Su formato en cápsulas es práctico para incorporar especialmente al final del día.,,https://drive.google.com/file/d/1vWejTruqiZOx8b4iYLRZJtVm5cL5HN6i/view,,2295,,✅ en precios,SUPLEMENTOS
RESVERATROL X30 COMPRIMIDOS - EL NATURALISTA,1 UNIDAD,"Resveratrol concentrado, un polifenol de origen vegetal reconocido por su actividad antioxidante. Su presentación en cápsulas o comprimidos permite incorporarlo de manera simple a la rutina.",,https://drive.google.com/file/d/1mj8CgaMA7ha8Jb3qESVj3K5loT7Uw2qJ/view,,2212,,✅ en precios,SUPLEMENTOS
RESVERATROL X50 CAPSULAS - NATIER,1 UNIDAD,"Resveratrol concentrado, un polifenol de origen vegetal reconocido por su actividad antioxidante. Su presentación en cápsulas o comprimidos permite incorporarlo de manera simple a la rutina.",,https://drive.google.com/file/d/1zOyF2osjym_PGHoC2JGD_8vjVVbUQoZC/view,,2050,,✅ en precios,SUPLEMENTOS
RHODIOLA ROSEA EN POLVO - SOMOS SETAS,1 UNIDAD,"Rhodiola rosea concentrada, planta adaptógena tradicionalmente elegida para acompañar rutinas de vitalidad, equilibrio y rendimiento cotidiano. Disponible en formatos prácticos para cada preferencia.",,https://drive.google.com/file/d/1VRYrNbPujP71yreO704KY7H06GaKnO-8/view,,2472,,✅ en precios,SUPLEMENTOS
RHODIOLA ROSEA EXTRACTO X60 CC - SOMOS SETAS,1 UNIDAD,"Rhodiola rosea concentrada, planta adaptógena tradicionalmente elegida para acompañar rutinas de vitalidad, equilibrio y rendimiento cotidiano. Disponible en formatos prácticos para cada preferencia.",,https://drive.google.com/file/d/1sBFPCX1B_a44uPQaiR_mhA1e17j3jVg9/view,,2480,,✅ en precios,SUPLEMENTOS
SELENIO QUELADO X50 CAPSULAS - NATIER,1 UNIDAD,"Selenio quelado en cápsulas, mineral que participa en la protección antioxidante, el funcionamiento tiroideo y el sistema inmune. Una forma práctica de complementar su aporte diario.",,https://drive.google.com/file/d/150TvOfr-J3nWA_BIUdRUuIBNX1xNd4UD/view,,2320,,✅ en precios,SUPLEMENTOS
SPIRULINA CONCENTRADA X50 CAPSULAS - NATIER,1 UNIDAD,"Spirulina concentrada, microalga de intenso color natural que aporta proteína y diversos micronutrientes. Disponible en polvo, cápsulas o comprimidos para adaptarse fácilmente a cada rutina.",,https://drive.google.com/file/d/17_C6BUu1oM3ExNZ_7XjJ7Cwe-a7a4WsG/view,,2349,,✅ en precios,SUPLEMENTOS
SPIRULINA EN POLVO,1 UNIDAD,"Spirulina concentrada, microalga de intenso color natural que aporta proteína y diversos micronutrientes. Disponible en polvo, cápsulas o comprimidos para adaptarse fácilmente a cada rutina.",,https://drive.google.com/file/d/1ktsbe9gmYR1zGy8DuAivVOPRlXLpesy6/view,,2256,,✅ en precios,SUPLEMENTOS
SPIRULINA X 10 COMPRIMIDOS - EL NATURALISTA,1 UNIDAD,"Spirulina concentrada, microalga de intenso color natural que aporta proteína y diversos micronutrientes. Disponible en polvo, cápsulas o comprimidos para adaptarse fácilmente a cada rutina.",,https://drive.google.com/file/d/1a1ogboUDOY8K2zaNgBU73NlxZKObywMv/view,,2081,,✅ en precios,SUPLEMENTOS
TREMELLA 60 CAPSULAS - SOMOS SETAS,1 UNIDAD,"Tremella concentrada, hongo funcional tradicionalmente apreciado en rutinas de belleza y bienestar. Disponible en distintos formatos para incorporarlo de manera sencilla.",,https://drive.google.com/file/d/1k2fflgGXTI322ehhgVhyOHrFvZHafkPJ/view,,2494,,✅ en precios,SUPLEMENTOS
TREMELLA EN POLVO 30 GR - SOMOS SETAS,1 UNIDAD,"Tremella concentrada, hongo funcional tradicionalmente apreciado en rutinas de belleza y bienestar. Disponible en distintos formatos para incorporarlo de manera sencilla.",,https://drive.google.com/file/d/1NhMbjCKNh-vrfUNZ25Gfn4uYWJcsq0bt/view,,2464,,✅ en precios,SUPLEMENTOS
TREMELLA EXTRACTO 60 CC - SOMOS SETAS,1 UNIDAD,"Tremella concentrada, hongo funcional tradicionalmente apreciado en rutinas de belleza y bienestar. Disponible en distintos formatos para incorporarlo de manera sencilla.",,https://drive.google.com/file/d/11PrUf3m4C-R7n5SsBXkS14PpzYsEWo9i/view,,2465,,✅ en precios,SUPLEMENTOS
VALERIANA X10 COMPRIMIDOS - EL NATURALISTA,1 UNIDAD,"Valeriana concentrada, planta tradicionalmente asociada con la relajación y el descanso. Su presentación práctica permite sumarla a la rutina nocturna.",,https://drive.google.com/file/d/115lp6NWTavctF6OVKOnt9x3yK3IiiUFF/view,,2175,,✅ en precios,SUPLEMENTOS
VALERIANA X60 CC - EL NATURALISTA,1 UNIDAD,"Valeriana concentrada, planta tradicionalmente asociada con la relajación y el descanso. Su presentación práctica permite sumarla a la rutina nocturna.",,https://drive.google.com/file/d/11Jx00g2O31EGidIERfHpoFVqJg8nsTWm/view,,2375,,✅ en precios,SUPLEMENTOS
VINAGRE  DE SIDRA DE MANZANA X500 ML - VERDE VIDA,1 UNIDAD,"Vinagre de sidra de manzana de sabor frutado y acidez característica, ideal para aderezos y preparaciones. Una forma versátil de sumar un fermentado tradicional a la alimentación cotidiana.",,https://drive.google.com/file/d/1C8DQ2Rvo1MoX-LcxaE7eb-0HwVt3r4qg/view,,2364,,✅ en precios,SUPLEMENTOS
VINAGRE DE SIDRA DE MANZANA X250 ML - NATIER,1 UNIDAD,"Vinagre de sidra de manzana de sabor frutado y acidez característica, ideal para aderezos y preparaciones. Una forma versátil de sumar un fermentado tradicional a la alimentación cotidiana.",,https://drive.google.com/file/d/1D8ScxsPL1mEF5hPltmmjj-Mm9k3mX3Yi/view,,2227,,✅ en precios,SUPLEMENTOS
VINAGRE DE SIDRA DE MANZANA X50 CAPSULAS - NATIER,1 UNIDAD,"Vinagre de sidra de manzana concentrado en cápsulas, una alternativa práctica para quienes prefieren evitar su sabor ácido. Fácil de incorporar a una rutina de alimentación y bienestar.",,https://drive.google.com/file/d/1P8uKj2mBYeGiYeJ7R7WdMvRNZtfeDFQQ/view,,2052,,✅ en precios,SUPLEMENTOS
VINAGRE DE SIDRA DE MANZANA X500 ML - NATIER,1 UNIDAD,"Vinagre de sidra de manzana de sabor frutado y acidez característica, ideal para aderezos y preparaciones. Una forma versátil de sumar un fermentado tradicional a la alimentación cotidiana.",,https://drive.google.com/file/d/1ZVb23RFIe9sGhhlcvyfY6mC0KBi1cTbk/view,,2263,,✅ en precios,SUPLEMENTOS
VITAMINA B12 X50 - NATIER,1 UNIDAD,"Vitamina B12 en un formato práctico para complementar la alimentación. Este nutriente participa en la formación de glóbulos rojos, el funcionamiento del sistema nervioso y la síntesis de ADN.",,https://drive.google.com/file/d/1AJiPwHntqg-chyU1DmdNRhlm5DNWhbbY/view,,2188,,✅ en precios,SUPLEMENTOS
VITAMINA C  X50 CAPSULAS - NATIER,1 UNIDAD,"Vitamina C en cápsulas o comprimidos, fácil de incorporar a la rutina. Cumple una función antioxidante, participa en la formación de colágeno y contribuye al funcionamiento normal del sistema inmune.",,https://drive.google.com/file/d/1Zu0SFlMbLTO_xFS_9YAP0ifEki2vjNUk/view,,2053,,✅ en precios,SUPLEMENTOS
VITAMINA C X60 COMPRIMIDOS - EL NATURALISTA,1 UNIDAD,"Vitamina C en cápsulas o comprimidos, fácil de incorporar a la rutina. Cumple una función antioxidante, participa en la formación de colágeno y contribuye al funcionamiento normal del sistema inmune.",,https://drive.google.com/file/d/1NrBm8NMhPYTr-Hb6q8Ve-oEMxPBUb5dr/view,,2311,,✅ en precios,SUPLEMENTOS
VITAMINA D3 X50 CAPSULAS - NATIER,1 UNIDAD,"Vitamina D3 en cápsulas, un nutriente que favorece la absorción de calcio y participa en el mantenimiento de huesos y músculos. Una presentación práctica para complementar su aporte diario.",,https://drive.google.com/file/d/1cwb3oXXfCWB6HC2y_Bqd1YraaXUODEcJ/view,,2102,,✅ en precios,SUPLEMENTOS
VITAMINA E X10 COMPRIMIDOS - EL NATURALISTA,1 UNIDAD,"Vitamina E en comprimidos, nutriente con función antioxidante que ayuda a proteger las células frente al daño oxidativo. Su formato compacto es simple de incorporar.",,https://drive.google.com/file/d/1weRPLU43kGxL6auIAANb-XtdqE7F17Je/view,,2083,,✅ en precios,SUPLEMENTOS
VITAMINA K2 + D3 X50 CAPSULAS - NATIER,1 UNIDAD,"Combinación de vitaminas K2 y D3 en cápsulas. Ambas participan en el metabolismo del calcio y el mantenimiento de los huesos, en una presentación práctica para el uso diario.",,https://drive.google.com/file/d/1uts6jUlHklXa2PuiPi-6-lIUVamCKK-q/view,,2481,,✅ en precios,SUPLEMENTOS
ZINC X 30 COMPRIMIDOS - EL NATURALISTA,1 UNIDAD,"Zinc en comprimidos, mineral que participa en el funcionamiento normal del sistema inmune, la síntesis de proteínas y el mantenimiento de piel, cabello y uñas. Una opción práctica para complementar su aporte.",,https://drive.google.com/file/d/1aeTTL6PsbNFHvzZWpXgTZ6Y4mb8Hap9C/view,,2079,,✅ en precios,SUPLEMENTOS
TOMATE CONDIMENTADO X800 GR - VALLE DE LAS REINAS,1 UNIDAD,"Tomate triturado y condimentado, práctico como base para salsas, pizzas y guisos. Aporta fibra, potasio y licopeno; el contenido de sodio depende de los condimentos agregados.",,https://drive.google.com/file/d/16ZKyNcd8si7dN1PdrgmKfPOvPb2wQSG8/view,,1630,,✅ en precios,TOMATE TRITURADO
TOMATE TRITURADO X1 KG - DON FRANSISCO,1 UNIDAD,"Tomate triturado de sabor natural y textura uniforme, práctico como base para salsas, pizzas y guisos. Aporta fibra, potasio, vitamina C y licopeno en cantidades variables.",,https://drive.google.com/file/d/1UmApt58VC7-EujYaZFQPRHB2v0dUKWYS/view,,1627,,✅ en precios,TOMATE TRITURADO
TOMATE TRITURADO X500 GR - DON FRANSISCO,1 UNIDAD,"Tomate triturado de sabor natural y textura uniforme, práctico como base para salsas, pizzas y guisos. Aporta fibra, potasio, vitamina C y licopeno en cantidades variables.",,https://drive.google.com/file/d/1tWuaiU5ezHr6jZANmnZi1ZySIqL46EqC/view,,1628,,✅ en precios,TOMATE TRITURADO
CORDERO CON PIEL DEL LOBO X 750CC,1 UNIDAD,"Vino tinto de perfil intenso y frutado, pensado para acompañar carnes, pastas y quesos. Una etiqueta con carácter para disfrutar en una comida especial. Beber con moderación. Prohibida su venta a menores de 18 años.",,https://drive.google.com/file/d/1Zgk69yPQ_d9hJI0W7BEhIP_EENMk5sDx/view,,1231,,✅ en precios,VINOS
GIN DE AUTOR LODON DRY X 750 CC - TIERRA SANTA,1 UNIDAD,"Gin de estilo seco y perfil botánico, ideal para coctelería y combinaciones con agua tónica. Su carácter aromático permite crear tragos frescos y elegantes. Beber con moderación. Prohibida su venta a menores de 18 años.",,https://drive.google.com/file/d/1JHW90_Vk_7-MPME9iP4-JDj8a-1PFCwX/view,,2304,,✅ en precios,VINOS
GIN DE AUTOR SABORIZADO  X500 CC - TIERRA SANTA,1 UNIDAD,"Gin saborizado de perfil aromático, pensado para coctelería y combinaciones con agua tónica. Una base versátil para crear tragos originales y llenos de sabor. Beber con moderación. Prohibida su venta a menores de 18 años.",MALBEC/ROBLE/LUPULO,https://drive.google.com/file/d/1HEvXvfonRGikiwzr2JtetfXpMwbaAGTp/view,,2301,,✅ en precios,VINOS
LA IRIDE - ESPUMANTE EXTRA BRUT X 750 CC,1 UNIDAD,"Vino espumante de perfil fresco y burbujas finas, ideal como aperitivo o para celebraciones. Su vivacidad y elegancia acompañan brindis y momentos especiales. Beber con moderación. Prohibida su venta a menores de 18 años.",,https://drive.google.com/file/d/1aG4zkge2hbcd7fFUAKOG5EsEU6YDlM8d/view,,2447,,✅ en precios,VINOS
LAS PERDICES - BRUT ROSE X750 ML,1 UNIDAD,"Vino espumante de perfil fresco y burbujas finas, ideal como aperitivo o para celebraciones. Su vivacidad y elegancia acompañan brindis y momentos especiales. Beber con moderación. Prohibida su venta a menores de 18 años.",,https://drive.google.com/file/d/1JXsJJMAj2vq7jeB9rag4JWBdZyNmtqZ-/view,,1107,,✅ en precios,VINOS
LAS PERDICES - MALBEC X750 CC,1 UNIDAD,"Vino tinto Malbec de perfil frutado, cuerpo medio y taninos suaves, ideal para acompañar carnes, pastas y quesos. Un estilo argentino versátil y muy disfrutable. Beber con moderación. Prohibida su venta a menores de 18 años.",,https://drive.google.com/file/d/113WId9LJXlp8eWEsCZ4KCWnfHxyVzG_2/view,,1704,,✅ en precios,VINOS
LAS PERDICES - SAUVIGNON BLANC X750 CC,1 UNIDAD,"Vino blanco de perfil fresco, cítrico y frutado, ideal como aperitivo o para acompañar platos livianos. Servido frío ofrece una experiencia vibrante y refrescante. Beber con moderación. Prohibida su venta a menores de 18 años.",,https://drive.google.com/file/d/1PsWp9E8Hw6PawSRIE9aLC3hjHWriNi0N/view,,1706,,✅ en precios,VINOS
MARCIANO WINE - MALBEC,1 UNIDAD,"Vino tinto Malbec de perfil frutado, cuerpo medio y taninos suaves, ideal para acompañar carnes, pastas y quesos. Un estilo argentino versátil y muy disfrutable. Beber con moderación. Prohibida su venta a menores de 18 años.",,https://drive.google.com/file/d/1V3djtvWhUc2dexC3UOUN-Qz5bnUh-_1n/view,,2088,,✅ en precios,VINOS
MASTROENI - CABERNET FRANC X750 CC ,1 UNIDAD,"Vino tinto de perfil frutado y especiado, con estructura media y notas herbales características. Ideal para acompañar carnes, pastas y quesos. Beber con moderación. Prohibida su venta a menores de 18 años.",,https://drive.google.com/file/d/1QlRm65Rw6haghtKgU53VelBb7XzCtAXl/view,,1159,,✅ en precios,VINOS
MASTROENI - EXTRA BRUT,1 UNIDAD,"Vino espumante de perfil fresco y burbujas finas, ideal como aperitivo o para celebraciones. Su vivacidad y elegancia acompañan brindis y momentos especiales. Beber con moderación. Prohibida su venta a menores de 18 años.",,https://drive.google.com/file/d/1hUvyWxUIv2SztAsHAhqeMRbuUTpj6Vf3/view,,1700,,✅ en precios,VINOS
PERRO CALLEJERO - MALBEC X750 CC,1 UNIDAD,"Vino tinto Malbec de perfil frutado, cuerpo medio y taninos suaves, ideal para acompañar carnes, pastas y quesos. Un estilo argentino versátil y muy disfrutable. Beber con moderación. Prohibida su venta a menores de 18 años.",,https://drive.google.com/file/d/1z0EoQknV86zlpWkN8iuU-Mk-5TVsYNzv/view,,1492,,✅ en precios,VINOS
VERMUT - AQUI Y AHORA,1 UNIDAD,"Vermut aromatizado con hierbas y especias, de perfil agridulce, ideal como aperitivo o en coctelería. Servido con hielo y cítricos despliega todo su carácter. Beber con moderación. Prohibida su venta a menores de 18 años.",,https://drive.google.com/file/d/1JHuBtAerwlnRmkY4-XE_WJwKi5YOTURS/view,,2392,,✅ en precios,VINOS
ACEITE DE LINO X 250 cc - NUTRA SEM,1 UNIDAD,"Aceite vegetal de sabor suave, indicado para usar en frío sobre ensaladas, tostadas o preparaciones terminadas. Aporta grasas poliinsaturadas y ácido alfa-linolénico, un tipo de omega 3 de origen vegetal.",,https://drive.google.com/file/d/1rLGrJu31pwNrrLTwElmBOGFvxJJyOHbV/view,,2387,,❌ no está en precios,
ACEITE DE ROMERO X 30ML - SUPPLY ,1 UNIDAD,"Aceite aromático de romero de perfil herbal y fresco, ideal para sumar a rutinas de masajes y cuidado corporal. Su formato concentrado permite disfrutar de su aroma característico usando pocas gotas.",,,,2282,,❌ no está en precios,
ACEITE DE TOMILLO X 30ML - SUPPLY,1 UNIDAD,"Aceite aromático de tomillo de perfil herbal e intenso, ideal para masajes y rutinas de cuidado corporal. Su presentación concentrada resulta práctica y rendidora.",,,,2293,,❌ no está en precios,
ACEITUNAS VERDES Nº0 X 500GR - RODRIGO DE VIVAR,1 UNIDAD,"Aceitunas verdes grandes, carnosas y de sabor equilibrado, ideales para picadas, ensaladas, panes y platos mediterráneos. Aportan grasas monoinsaturadas y una textura firme muy agradable.",,https://drive.google.com/file/d/1YSpxUfC3TdhW3OckOg1xnBGCzSHTIX3U/view,,1051,,❌ no está en precios,
AGAR AGAR,100G/250G/1KG,"Gelificante de origen vegetal obtenido de algas, sin sabor y muy versátil. Ideal para preparar gelatinas, postres, salsas y recetas veganas; además aporta fibra de origen vegetal.",,https://drive.google.com/file/d/1nfDwEzADkkZ_M2syCT1_c39j6E6fHWj1/view,,2205,,❌ no está en precios,
ALFAJOR - SIN AZUCAR LIBRE DE GLUTEN - BANDA NARANJA,1 UNIDAD,"Alfajor libre de gluten y sin azúcar, con textura suave y un relleno sabroso. Una alternativa práctica para disfrutar algo dulce en cualquier momento del día.",DULCE DE LECHE,https://drive.google.com/file/d/1cczNyLISFiWPabrETU751xtky8xcyS4p/view,,2513,,✅ en precios,PRODUCTOS SIN TACC
ALMENDRA GUARA   ,250G/500G/1KG,"Almendras de sabor suave y textura crocante, fuente de proteínas vegetales, fibra, vitamina E y grasas monoinsaturadas. Ideales como snack o para sumar a granolas, ensaladas y repostería.",,https://drive.google.com/file/d/1OKnlEIbNEdHqr-OyZSrkASU4v0KUHRco/view,,1884,,❌ no está en precios,
ALMENDRAS TOSTADA CON ACEITE DE OLIVA Y SAL,1 UNIDAD,"Almendras tostadas con aceite de oliva y sal, de textura extra crocante y sabor intenso. Un snack sabroso que aporta proteínas vegetales, fibra y grasas saludables.",,,,1958,,❌ no está en precios,
AVENA INSTANTANEA SIN GLUTEN X400 GR - RESPONSABLE,1 UNIDAD,"La avena es naturalmente libre de gluten, pero suele contaminarse en el campo o la fábrica. La etiqueta ""Sin Gluten"" garantiza que fue procesada en instalaciones limpias y certificadas.",,https://drive.google.com/file/d/1ilWhhclEOGB0IAPMDb7ymqNlimn7BHCf/view,,2355,,❌ no está en precios,
BARRA CHOCOLATE MAPRICUBER,250G/500G/1KG,"El Chocolate Mapricuber es una marca profesional de la empresa Arcor diseñada específicamente para la repostería y el moldeo artesanal. Se destaca por ser un baño de repostería de uso directo, lo que significa que no requiere templado (atado o atemperado) para obtener un acabado brillante y firme.",,https://drive.google.com/file/d/1aLfrFpfrLtZr2OHYqMYXUB_JiCQEqg5L/view,,2497,,❌ no está en precios,
BICARBONATO DE SODIO X50 GR - INDIAS,1 UNIDAD,"Ingrediente versátil que ayuda a regular la acidez y favorece preparaciones más aireadas cuando se combina con ingredientes ácidos. Ideal para repostería, panificados y distintas recetas caseras.",,https://drive.google.com/file/d/17575rt-rqMMtAt_utc3qRj5ufJubO4OO/view,,1151,,❌ no está en precios,
BLEND DE TE ,100G/250G/1KG,"Combinación equilibrada de hebras, hierbas, flores o frutas seleccionadas para crear una infusión aromática y con identidad propia. Ideal para disfrutar caliente o fría y descubrir nuevos matices de sabor.",,,,2415,,❌ no está en precios,
CAJA CHOCOLATE,1 UNIDAD,"Presentación especial pensada para regalar y disfrutar una selección de chocolates. Una opción cuidada y tentadora para celebraciones, agradecimientos o pequeños gustos.",,,,2475,,❌ no está en precios,
CAJA FUERZA DIVINA,1 UNIDAD,Caja de regalo con una selección especial de productos para sorprender y compartir. Su presentación cuidada la convierte en una opción ideal para ocasiones especiales.,,,,2442,,❌ no está en precios,
CALCIO + VITAMINA D X60 UNIDADES - EL NATURALISTA,1 UNIDAD,"Complemento que combina calcio y vitamina D, dos nutrientes que trabajan en conjunto y forman parte del mantenimiento normal de huesos y dientes. Su formato en comprimidos facilita incorporarlo a la rutina diaria.",,https://drive.google.com/file/d/1QUK8EEKByUJbLDEGGuhHYRGmVQhDwlGh/view,,2385,,❌ no está en precios,
CARAMELOS ,1 UNIDAD,"Caramelos de sabor agradable y formato práctico, ideales para llevar y disfrutar en cualquier momento. Una opción clásica para sumar un toque dulce al día.",,,,1170,,❌ no está en precios,
CERA DE MIEL ,1 UNIDAD,"Cera natural de abeja de aroma suave y textura maleable, ideal para elaborar velas, bálsamos, envoltorios reutilizables y distintos proyectos artesanales.",,,,2290,,❌ no está en precios,
CHIPS DE BATATA - SIN TACC - BOUTIQUE CHIPS ,1 UNIDAD,Las Chips de Batata Boutique Chips son una opción de snack gourmet argentina diseñada para quienes buscan alternativas naturales y aptas para celíacos. Se destacan por su textura crujiente y su elaboración artesanal con ingredientes mínimos.,,https://drive.google.com/file/d/1fPcn3OGtjydPCFO2ROIav_VHPeR6bD0J/view,,2488,,❌ no está en precios,
CHIPS DE PAPAS - SIN TACC - BOUTIQUE CHIPS,1 UNIDAD,Las papas Boutique Chips son una de las opciones más populares en el mercado de snacks saludables y artesanales.,,https://drive.google.com/file/d/1oyLAu56tApYKgNFGm2h58eYfvP34Kujj/view,,2487,,❌ no está en precios,
COLA DE PAVO X60 CAPSULAS - SOMOS SETA,1 UNIDAD,"Cápsulas de cola de pavo, un hongo funcional tradicionalmente valorado en rutinas de bienestar integral. Su presentación resulta cómoda y simple para incorporar a la vida cotidiana.",,,,2508,,❌ no está en precios,
COLADOR COMUN ROSE,1 UNIDAD,"Colador de diseño práctico y terminación color rose, ideal para filtrar infusiones, té o preparaciones pequeñas. Fácil de usar, limpiar y guardar.",,,,2125,,❌ no está en precios,
DULCE DE MEMBRILLO X454 GR - PIZARRO,1 UNIDAD,"Dulce de membrillo de textura firme, sabor frutal y dulzor equilibrado. Ideal para acompañar quesos, rellenar pastafrolas o disfrutar en desayunos y meriendas.",,https://drive.google.com/file/d/1WB9x4IEIWsAQbMrV0NyGvq16COsM_jG_/view,,2510,,❌ no está en precios,
ENVIO,,Registro interno utilizado para cargar el servicio de envío. No corresponde a un producto disponible para la venta.,,,,2388,,❌ no está en precios,
ESENCIA DE AGUA DE AZAHAR 60 CC,1 UNIDAD,"Esencia floral de aroma delicado y cítrico, ideal para perfumar masas, almíbares, budines, panificados y bebidas. Unas pocas gotas aportan un perfil elegante y característico.",,https://drive.google.com/file/d/1mzh5QK15PYaKWabU9r8NaS9ab1UduMVn/view,,2310,,❌ no está en precios,
ESENCIA DE PAN DULCE 60 CC,1 UNIDAD,"Esencia aromática especialmente pensada para pan dulce, budines y masas festivas. Aporta notas cálidas y especiadas que realzan el sabor de las preparaciones.",,,,2309,,❌ no está en precios,
FILTROS PARA CAFE X10 UNIDADES,1 UNIDAD,"Filtros descartables para preparar café de forma limpia y práctica. Ayudan a obtener una bebida más clara, reteniendo partículas y facilitando la limpieza.",,,,2384,,❌ no está en precios,
FRASCO BLEND DE TE - CHICO,1 UNIDAD,"Frasco chico diseñado para conservar blends de té, hierbas e infusiones protegidos de la humedad. Su tamaño compacto permite organizar y exhibir cada mezcla de forma prolija.",,,,2429,,❌ no está en precios,
FRASCO BLEND DE TE - GRANDE,1 UNIDAD,"Frasco grande ideal para guardar y conservar blends de té, hierbas e infusiones. Su capacidad permite mantener una buena cantidad de producto ordenada y protegida.",,,,2430,,❌ no está en precios,
HARINILLA DE MAIZ PARAGUAYA,250G/500G/1KG,"Harina fina de maíz, ingrediente tradicional para preparar sopa paraguaya, chipá guazú, polenta, panes y otras recetas. Aporta sabor suave, color dorado y energía proveniente de sus carbohidratos.",,https://drive.google.com/file/d/1rx-t9NwtNgzUjHfOO-5-RZeN5GpPi6kQ/view,,1822,,❌ no está en precios,
"HIGOS EN ALMIBAR X3,8 KG - MUPAY",1 UNIDAD,"Higos enteros en almíbar, de textura tierna y sabor naturalmente frutal. Ideales para postres, tablas de quesos, helados o para disfrutar solos.",,,,1308,,❌ no está en precios,
INFUSOR PARA TE,1 UNIDAD,"Un infusor de té es un accesorio diseñado para contener las hojas de té sueltas (en hebras) mientras se sumergen en agua caliente, permitiendo que el sabor se libere sin que los residuos queden en la taza.",,https://drive.google.com/file/d/1BlrA_NJ-JowO6ypUPqQ_LVOlAX210o7I/view,,1317,,❌ no está en precios,
LA IRIDE - CHAMPAÑA,1 UNIDAD,"Espumante de burbuja delicada y perfil fresco, ideal para brindar, acompañar entradas o disfrutar en celebraciones. Servido bien frío realza su carácter vivaz.",,,,1620,,❌ no está en precios,
LA IRIDE - HUELGA DE AMORES X750 ML,1 UNIDAD,"Vino de perfil expresivo y agradable, pensado para compartir y acompañar comidas. Una etiqueta con personalidad para disfrutar en encuentros y ocasiones especiales.",,https://drive.google.com/file/d/1u0-5x1L28ICM2U9tTulVhMn2vhU1MPJg/view,,1898,,❌ no está en precios,
LAS PERDICES - ALA COLORADA ANCELLOTA X750 CC,1 UNIDAD,"Ala Colorada Ancellotta de Las Perdices es un vino tinto mendocino que destaca por su intensidad colorante y concentración aromática. Elaborado con uvas Ancellotta, presenta notas de frutas negras maduras y buena estructura. Es ideal para quienes buscan vinos con carácter y profundidad.",,https://drive.google.com/file/d/1DxAt8IFnWfkA4Pci_qJ0TNndoaClQgaF/view,,1711,,❌ no está en precios,
LAS PERDICES - CABERNET SAUVIGNON X750 CC,1 UNIDAD,"El Cabernet Sauvignon de Las Perdices es un vino tinto mendocino de perfil clásico, con predominio de frutas negras y especias. Presenta estructura media a alta, taninos firmes y buena persistencia. Es adecuado para acompañar comidas intensas.",,https://drive.google.com/file/d/1qzciXlfdSuYrO8XqsgqSz7qipQqapWjc/view,,1705,,❌ no está en precios,
LAS PERDICES - EXTRA BRUT CORTO X750 CC,1 UNIDAD,"El Extra Brut de Las Perdices es un vino espumante mendocino de perfil seco, caracterizado por su color amarillo dorado con reflejos brillantes y burbujas finas de buena persistencia. Presenta aromas de miel, almendras, pan tostado y frutas, con una boca suave, equilibrada y de buena acidez. Es una opción elegante y versátil, ideal como aperitivo o para acompañar frutos de mar, ceviches y platos de pescado.",,https://drive.google.com/file/d/1r76noGBx3eyq-qnZcZnh50zzeDF00yvA/view,,1712,,❌ no está en precios,
LAS PERDICES - PARTRIDGE CHARDONNAY X750 CC,1 UNIDAD,"El Partridge Chardonnay de Las Perdices es un vino blanco joven elaborado en Agrelo, Luján de Cuyo, 100% Chardonnay. Presenta un perfil fresco, con notas cítricas y un leve carácter floral, junto a sutiles aportes de su paso por roble. En boca es suave y equilibrado, ideal para acompañar comidas livianas o disfrutar en consumo cotidiano.",,https://drive.google.com/file/d/1ih-YMa_RJ0Um24RGCWyVFfR15ODm_buj/view,,1708,,❌ no está en precios,
LAS PERDICES - PARTRIDGE MALBEC X750 CC,1 UNIDAD,"l Partridge Malbec de Las Perdices es un vino tinto joven que expresa el carácter frutado típico de la variedad en la región de Agrelo. Presenta buena intensidad de fruta, cuerpo medio y un perfil accesible, pensado para consumo cotidiano. Es una opción versátil, fácil de beber y adaptable a diferentes comidas.",,https://drive.google.com/file/d/1lE1YjzQ1PvLSgq1Z2DWHq4didlHmJ9kA/view,,1707,,❌ no está en precios,
LAS PERDICES - RESERVA CHARDONNAY X750 CC,1 UNIDAD,"El Reserva Chardonnay de Las Perdices es un vino blanco de mayor complejidad, elaborado en Agrelo con fermentación y crianza en barricas de roble francés durante 6 meses. Presenta aromas cítricos con notas de tostado, y en boca combina fruta tropical, matices florales y un toque de vainilla. De excelente estructura y textura untuosa, es ideal para acompañar carnes blancas, pescados y frutos de mar.",,https://drive.google.com/file/d/1Jcg_KrV3r9okXxZ2ZiS7DUciNI6Vzk1c/view,,1710,,❌ no está en precios,
LAS PERDICES - RESERVA MALBEC X750 CC,1 UNIDAD,"El Reserva Malbec de Las Perdices es un vino tinto con crianza en madera que aporta mayor estructura y complejidad. Presenta notas de fruta madura integradas con aportes del roble, logrando un perfil equilibrado y persistente. Es una opción ideal para maridajes intensos y platos elaborados.",,https://drive.google.com/file/d/1ME72qUpYIFSpK95o2iIVj_TDprTQHt-n/view,,1709,,❌ no está en precios,
LEVADURA X13 GR - LEVEX,1 UNIDAD,"Levadura seca de acción confiable para panes, pizzas, focaccias y masas caseras. Su formato práctico ayuda a lograr preparaciones aireadas y de buen volumen.",,https://drive.google.com/file/d/1gt-1bLjb6gjjkeTJRfRfLVCLA6Rs_k5b/view,,2441,,❌ no está en precios,
MAITAKE X60 CAPSULAS - SOMOS SETAS,1 UNIDAD,"Cápsulas de maitake, hongo funcional tradicionalmente valorado en rutinas de vitalidad y bienestar integral. Una presentación práctica para incorporarlo de manera simple al día a día.",,,,2478,,❌ no está en precios,
MANTECA CLARIFICADA GHEE X150 GR - COW'S PURE,1 UNIDAD,"El ghee Cow’s Pure es manteca clarificada de alta pureza, apta para dietas sin lactosa. Se destaca por su estabilidad al calor y su sabor suave. Es ideal para cocinar, saltear o untar.",,https://drive.google.com/file/d/1kFLX7dHd_D-WXBze7oYh-3uuso6egfgs/view,,2489,,❌ no está en precios,
MAPLE JARABE DE ARCE X250 ML - SYRUP,1 UNIDAD,"El maple syrup es un endulzante natural obtenido de la savia del arce. Se caracteriza por su sabor suave y acaramelado, ideal para acompañar desayunos y preparaciones dulces. Es una alternativa al azúcar refinado, con aporte de minerales.",,https://drive.google.com/file/d/170irm8-Z36RpbZkhy8M3Av8wK2G1DKkk/view,,2096,,❌ no está en precios,
MASTROENI - ESPUMANTE DULCE NATURAL X750 CC ,1 UNIDAD,El espumante dulce natural de Mastroeni es un vino de perfil frutado y agradable dulzor. Presenta burbujas suaves y buena frescura. Es ideal para postres o para quienes prefieren opciones más dulces.,,https://drive.google.com/file/d/1dal4VjBCSTX90h98Q8iopr2Znu-hTM9_/view,,1265,,❌ no está en precios,
MELENA DE LEON 60 ML - SUPPLY,1 UNIDAD,"Extracto concentrado de melena de león, hongo funcional elegido para acompañar rutinas de enfoque, claridad y bienestar cotidiano. Su formato líquido permite incorporarlo de manera práctica.",,,,2337,,❌ no está en precios,
MIEL CREMOGENADA  X500 GR - TRES SOLES,1 UNIDAD,"Miel trabajada hasta lograr una textura cremosa, uniforme y fácil de untar, conservando su sabor natural. Ideal para tostadas, yogures, frutas e infusiones.",,https://drive.google.com/file/d/1r83iEtXZ9D9Q_u13fgPxTgTVk245jy0H/view,,2285,,❌ no está en precios,
MIX CITRICOS ,100G/250G/1KG,"Mezcla aromática de trozos y cáscaras de cítricos seleccionados, con notas frescas, dulces y levemente amargas. Ideal para preparar infusiones, blends de té y bebidas saborizadas.",,https://drive.google.com/file/d/12QBbEObkcuELenw4Hw1i5M2bxaDm3aIy/view,,1005,,❌ no está en precios,
MIXTURAS ,,"Combinaciones seleccionadas de hierbas, especias u otros ingredientes, pensadas para crear perfiles de sabor equilibrados y prácticos. Ideales para explorar nuevas preparaciones.",,,,2514,,❌ no está en precios,
MORTERO DE MARMOL,1 UNIDAD,"Mortero de mármol resistente y estable, ideal para moler especias, semillas, hierbas y preparar aderezos o pastas. Su peso facilita un triturado uniforme.",,https://drive.google.com/file/d/1Kn9UEGqwFqVtJrciwDf0AHiM8hokko6D/view,,2251,,❌ no está en precios,
MOSTAZA DIJON X170 GR - ALCARAZ GOURMET,1 UNIDAD,"Mostaza estilo Dijon de textura cremosa, aroma intenso y sabor levemente picante. Ideal para aderezos, salsas, carnes, sándwiches y vinagretas.",,https://drive.google.com/file/d/14rRuKe-g-zN_1NofIaSp933u6-4mBC1w/view,,2477,,✅ en precios,LINEA GOURMET
NULO,,Registro auxiliar interno sin producto asociado.,,,,0,,❌ no está en precios,
OREGANO SINERGICO X30 ML - SUPPLY,1 UNIDAD,"Extracto concentrado de orégano de perfil herbal intenso, elegido para acompañar rutinas de bienestar. Su presentación líquida resulta práctica y rendidora.",,,,1972,,❌ no está en precios,
PITA CHIPS DE MASA MADRE - ALMADRE ,1 UNIDAD,"Chips crocantes elaborados con masa madre, ideales para picadas, dips y snacks. Su textura liviana y sabor tostado combinan muy bien con quesos, hummus y untables.",,https://drive.google.com/file/d/1q6Qj1vfrxUKkbteBFAUyAX42s3ih5-28/view,,2486,,❌ no está en precios,
POLVO PARA HORNEAR X50 GR - INDIAS,1 UNIDAD,"Agente leudante que ayuda a lograr tortas, budines, galletas y panificados más aireados y livianos. Se integra fácilmente a las mezclas secas.",,https://drive.google.com/file/d/1w9damY3bRm1gvLHRwOXX9dDWA0HlenN0/view,,1523,,❌ no está en precios,
POROTOS DE SOJA,250G/500G/1KG,"Legumbre de sabor suave y gran versatilidad, fuente de proteínas vegetales, fibra y grasas insaturadas. Ideal para guisos, hamburguesas, bebidas vegetales y preparaciones caseras.",,https://drive.google.com/file/d/1WSc31MWHh-HRvIhrvNhmmhAfTnd15B7E/view,,1532,,❌ no está en precios,
PRENSA FRANCESA 800ml,1 UNIDAD,Prensa francesa de 800 ml para preparar café o infusiones con cuerpo y aroma de forma simple. Su capacidad es ideal para compartir varias tazas.,,https://drive.google.com/file/d/14yQTLtjkP0BU0pZKX5zPWpvtt1YvUaBB/view,,2425,,✅ en precios,PALADEAR HOME
PRENSA FRANCESA 350ml,1 UNIDAD,"Prensa francesa compacta de 350 ml, ideal para preparar una o dos tazas de café o infusión. Práctica para el uso diario y fácil de limpiar.",,https://drive.google.com/file/d/1KQJlxsjnC6av_BUf8WJL7VdeTXbEP0_w/view,,2495,,✅ en precios,PALADEAR HOME
PRESTAMO,,Registro interno utilizado para movimientos de préstamo. No corresponde a un producto disponible para la venta.,,,,1,,❌ no está en precios,
PSYLLIUM MOLIDO,100G/250G/1KG,"Fibra vegetal soluble finamente molida, de textura suave y gran capacidad de absorción. Ideal para sumar a yogures, licuados, panes y recetas, y para mejorar la textura de preparaciones sin gluten.",,https://drive.google.com/file/d/1AIhso6Z-IePh_Kmsd43ueWbMnAKpgKDG/view,,2420,,❌ no está en precios,
PSYLLIUM SEMILLA,100G/250G/1KG,"Semillas naturalmente ricas en fibra soluble, con gran capacidad de absorción. Pueden incorporarse a yogures, licuados, panes y distintas preparaciones para sumar textura y fibra.",,https://drive.google.com/file/d/1u9qOS3GDbtdUIKydP8QlcVUcyd_8ah66/view,,2413,,❌ no está en precios,
RHODIOLA X60 CAPSULAS - SOMOS SETAS,1 UNIDAD,"Cápsulas de rhodiola, planta adaptógena tradicionalmente elegida para acompañar rutinas de vitalidad, equilibrio y rendimiento cotidiano. Su formato facilita una incorporación práctica.",,https://drive.google.com/file/d/1q6skpqmawMY2kVSB97YQ38vtfBYGyLzy/view,,2479,,❌ no está en precios,
SALES DE BAÑO,1 UNIDAD,Sales minerales para disfrutar baños relajantes y momentos de cuidado personal. Ideales para preparar un baño de inmersión o de pies con una experiencia reconfortante.,,https://drive.google.com/file/d/1ioPvMfu-dbAw-qN9go0VGewIKoWuTAik/view,,1251,,❌ no está en precios,
SCHISANDRA X60 ML - SUPPLY,1 UNIDAD,"Extracto concentrado de schisandra, fruto adaptógeno tradicionalmente valorado en rutinas de vitalidad y equilibrio. Su presentación líquida permite incorporarlo de forma práctica.",,,,2339,,❌ no está en precios,
SEN HOJAS,50G/250G/1KG,Hojas de sen seleccionadas para preparar una infusión herbal de sabor intenso. Tradicionalmente elegidas para acompañar rutinas de bienestar digestivo.,,https://drive.google.com/file/d/1zoARS7yr2QEKuw66reNksJfVez2hGLzK/view,,2322,,❌ no está en precios,
SHITAKE X60 CAPSULAS - SOMOS SETAS ,1 UNIDAD,"Cápsulas de shiitake, hongo funcional apreciado por su perfil nutricional y su uso tradicional en rutinas de bienestar. Una presentación cómoda para el día a día.",,,,2507,,❌ no está en precios,
TARRITOS PARA MATE,1 UNIDAD,"Recipientes prácticos para guardar yerba, azúcar, hierbas o complementos del mate. Ayudan a mantener todo ordenado y listo para usar.",,,,2305,,❌ no está en precios,
TAZA VIDRIO ,1 UNIDAD,"Taza de vidrio de diseño limpio y versátil, ideal para té, café e infusiones. Permite apreciar el color de la bebida y combina con cualquier mesa.",,,,2437,,❌ no está en precios,
TETERA REDONDA 1L ,1 UNIDAD,"Tetera redonda de 1 litro, ideal para preparar y servir varias tazas de té o infusiones. Su formato amplio resulta cómodo para compartir.",,,,2452,,❌ no está en precios,
TETERA REDONDA 800 ML,1 UNIDAD,"Tetera redonda de 800 ml, práctica para preparar y servir té o infusiones. Su capacidad es ideal para el uso cotidiano.",,,,2451,,❌ no está en precios,
TILO EN HOJAS,100G/250G/1KG,"Hojas y flores de tilo de aroma suave y delicado, ideales para una infusión reconfortante. Tradicionalmente elegidas para acompañar momentos de calma y descanso.",,https://drive.google.com/file/d/1yOXQb7t0d69ngQzo9QPaOE4WK8HJlkIs/view,,2347,,❌ no está en precios,
TOMATE DESECADOS CONDIMENTADOS X330 GR - AGROIANNI,1 UNIDAD,"Tomates desecados condimentados, de sabor concentrado y textura tierna. Ideales para pastas, pizzas, ensaladas, sándwiches, picadas y panes.",,https://drive.google.com/file/d/1i9lz84-8WMdnsX_9ddeyBvGMapvnfsxP/view,,4464,,❌ no está en precios,
TOSTADITAS DE ARROZ - DELICEL,1 UNIDAD,"Tostaditas de arroz livianas y crocantes, ideales para desayunos, meriendas o snacks. Se pueden disfrutar solas o acompañadas con untables dulces y salados.",,https://drive.google.com/file/d/1Sz9Gu4mWnwOdjQew6u_cKox5KCWncp2c/view,,1783,,❌ no está en precios,
VARIOS,,Registro interno para movimientos o artículos varios sin ficha individual.,,,,1,,❌ no está en precios,
ZAPALLO EN ALMIBAR X3.8 KG - MUPAY,1 UNIDAD,"Zapallo en almíbar de textura tierna y sabor dulce tradicional. Ideal para servir como postre, acompañar quesos o disfrutar en porciones.",,,,1655,,❌ no está en precios,
AJO NEGRO ,1 UNIDAD,"Ajo fermentado de textura suave, sabor dulce y profundo con notas umami. Aporta compuestos antioxidantes y es ideal para salsas, untables, pastas, carnes y vegetales.",,https://drive.google.com/file/d/1lHJ3wzAOnPBQRXp0BF1U4iiSRqkHmQro/view,,4463,,✅ en precios,DESHIDRATADOS
POLVO PARA HORNEAR SIN TACC X50 GR - PERGOLA,1 UNIDAD,"Polvo para hornear libre de gluten, ideal para lograr tortas, budines, galletas y panificados más aireados. Se integra fácilmente a las mezclas secas.",,https://drive.google.com/file/d/1U36pvFjvvF9cZGIzwf0wM-oUlEpp-mDM/view,,5027,,✅ en precios,PRODUCTOS SIN TACC
DATILES DORADOS DE EGIPTO,250G/500G/1KG,"Dátiles dorados de textura tierna y dulzor natural, fuente de fibra y energía. Ideales como snack, para rellenar, sumar a granolas o endulzar preparaciones.",,https://drive.google.com/file/d/1jV_V0rNqH_od4IUZE2_34czu_XSthaJI/view,,5028,,✅ en precios,DESHIDRATADOS
BARRAS PROTEICAS X45 GR - ENTRENUTS,1 UNIDAD,"Barra proteica de formato práctico, ideal para sumar proteínas y energía entre comidas, después de entrenar o durante el día. Una opción sabrosa y fácil de llevar.",CHOCO MANÍ/NARANJA CHOCO/LEMON PIE/FRUTILLA DELI,https://drive.google.com/file/d/1LAlaVq3tSgn8rirfTRBi4_OgGT382cHK/view,,5031,,✅ en precios,SNACK
MANTEQUILLA DE MANI CON STEVIA X370 CC - ENTRENUTS,1 UNIDAD,"Pasta de maní cremosa endulzada con stevia, fuente de proteínas vegetales y grasas saludables. Ideal para tostadas, frutas, licuados y recetas dulces.",,https://drive.google.com/file/d/1EfYDiJiBCm3uQBb2hrkaoIBuD084jqcO/view,,5030,,✅ en precios,MANTECAS Y PASTAS
NUEZ PECAN,250G/500G/1KG,"Nuez pecán de sabor suave y textura crocante, fuente de grasas insaturadas, fibra y minerales. Ideal como snack, en ensaladas, granolas y repostería.",,https://drive.google.com/file/d/1dZUjWQHF6h5rsDysfV-ufxUtCWv5qXtz/view,,5029,,✅ en precios,FRUTOS SECOS
AVENA GRUESA INTEGRAL SIN TACC X350GR - DICOMERE,1 UNIDAD,"Avena integral de hojuelas gruesas y libre de gluten, fuente de fibra y beta-glucanos. Ideal para granolas, porridge, galletas y preparaciones con mayor textura.",,https://drive.google.com/file/d/1lJsTL2P3xwjGceDEkoMfSIjSc69q0cGy/view,,5032,,✅ en precios,PRODUCTOS SIN TACC
AVENA INSTANTANEA INTEGRAN SIN TACC X350GR - DICOMERE,1 UNIDAD,"Avena integral instantánea y libre de gluten, de cocción rápida y textura cremosa. Fuente de fibra y beta-glucanos, ideal para desayunos, licuados y recetas.",,https://drive.google.com/file/d/1qUmzL9jRzsOOxryYbyMQsKrMtJ50Qs_V/view,,5033,,✅ en precios,PRODUCTOS SIN TACC
HARINA DE AVENA INTEGRAL SIN TACC X350GR - DICOMERE,1 UNIDAD,"Harina de avena integral y libre de gluten, fuente de fibra y de sabor suave. Ideal para panqueques, budines, galletas y distintas preparaciones dulces o saladas.",,https://drive.google.com/file/d/1_1_AU-K-M6nSJrMTi-X_p5Y1wS1gn8Bb/view,,5034,,✅ en precios,PRODUCTOS SIN TACC
DIFUSOR AUTO 12ML - AROMANZA,1 UNIDAD,Difusor compacto para auto con aroma agradable y liberación gradual. Ideal para mantener el interior perfumado de manera práctica.,CITRIC LEMON/DULCES VAINILLAS/HAWAIIAN/AUTO SPORT/MAGO MARACUYÁ,https://drive.google.com/file/d/1FyU1w-IaHcPZ7mFL07ifxsXqZw_2dgsa/view,,5035,,✅ en precios,PALADEAR HOME
YOGURT ENTERO X125 - YOGURLAC,1 UNIDAD,"Yogur entero de textura cremosa y sabor suave, fuente de proteínas y calcio. Ideal para desayunos, meriendas, frutas y granolas.",FRUTILLA/VAINILLA,https://drive.google.com/file/d/1ur8_AAZXuzLfyGzDjf5Le_-3TBr-lh12/view,,5036,,✅ en precios,PRODUCTOS DE FRIO
ESTRAGON,100G/250G/1KG,"Hierba aromática de sabor delicado, anisado y levemente dulce. Ideal para salsas, vinagretas, pollo, pescados, huevos y vegetales.",,https://drive.google.com/file/d/1EluM8trsPYS539lV3Gb-jS1-EPNKlkDb/view,,5040,,✅ en precios,INFUSIONES Y HIERBAS
MORINGA,100G/250G/1KG,"Moringa de perfil vegetal y sabor intenso, valorada por su aporte natural de compuestos antioxidantes y micronutrientes. Puede sumarse en pequeñas cantidades a infusiones, licuados y preparaciones.",,https://drive.google.com/file/d/1GG0R_EaLGru4Hrbv47kr2tRrg_aYlFFv/view,,5038,,✅ en precios,INFUSIONES Y HIERBAS
PAPRIKA,100G/250G/1KG,"Especia de color rojo intenso y sabor suave, dulce y levemente ahumado según la preparación. Ideal para arroces, carnes, papas, salsas y guisos.",,https://drive.google.com/file/d/15H4Hcj4QdIFxksgMjtO-rjKlOJT5hOwn/view,,5037,,✅ en precios,ESPECIAS
YERBA X500GR - TUCANGUA,1 UNIDAD,"Yerba mate de sabor equilibrado y aroma herbal, ideal para disfrutar en mate tradicional o tereré. Una infusión con carácter para acompañar distintos momentos del día.",,https://drive.google.com/file/d/1QnxkHT8dNhvn5ut3hDyZ07eqMKdAWraA/view,,5039,,✅ en precios,INFUSIONES Y HIERBAS
BERBERINA X60CC - EL NATURALISTA,1 UNIDAD,"Extracto concentrado de berberina, compuesto vegetal tradicionalmente valorado en rutinas de bienestar metabólico. Su presentación líquida facilita incorporarlo de manera práctica.",,https://drive.google.com/file/d/1XX7SbyLkg-0oqP4lSlest11sBP57_GuF/view,,5042,,✅ en precios,SUPLEMENTOS
CASTAÑO DE INDIAS X60CC - EL NATURALISTA,1 UNIDAD,"Extracto de castaño de Indias, planta tradicionalmente elegida para acompañar rutinas de bienestar circulatorio y sensación de ligereza. Su formato líquido resulta cómodo y versátil.",,https://drive.google.com/file/d/1_lcDinD3qAYcWqKJgwaixqck1x2gixIR/view,,5041,,✅ en precios,SUPLEMENTOS
ACEITE PURO DE ROSA MOSQUETA X50CC - EL NATURALISTA,1 UNIDAD,"Aceite puro de rosa mosqueta, rico en ácidos grasos, ideal para nutrir y suavizar la piel. Su textura se integra fácilmente a rutinas de cuidado facial y corporal.",,https://drive.google.com/file/d/1k4r8t-LcHi9dcfiNYKKQSaaKDB-e0V9e/view,,5043,,✅ en precios,SUPLEMENTOS
MANZANILLA IMPORTADA,50G/250G/1KG,"Manzanilla importada de flores aromáticas y sabor suave, ideal para preparar una infusión delicada. Tradicionalmente elegida para acompañar la digestión y los momentos de calma.",,https://drive.google.com/file/d/1L6DE-kS8DdyzVqNfsNGErBmOR4jwCai9/view,,5044,,✅ en precios,INFUSIONES Y HIERBAS
DIFUSORES TAO 150ml,1 UNIDAD,,Yagra Hindu / Real Champa / Hindu Sandalwood / Sweet Strawberry / Black Diamond / Mystical Vanilla,https://drive.google.com/file/d/14vKbYyA5GMEttMLVeTbI1brDutVoU1yj/view,,5045,,✅ en precios,PALADEAR HOME
HARINA DE NUEZ,250G/500G/1KG,,,https://drive.google.com/file/d/1dMoqH_gPk-qT1h1vYmTRTPKNfrEKpDE9/view,,4466,,✅ en precios,HARINAS
GARRAPIÑADA DE GARBANZO CON SESAMO,,,,https://drive.google.com/file/d/1MQoGUfyMjdCTLO2jtPz8K5cT1PP1BasV/view,,5046,,✅ en precios,"DULCES, MIEL Y CHOCOLATES"
